field,ic-,ic+,center-,center+,ic- from fit,ic+ from fit,rmse-,rmse+,#points in -fit,#points in +fit,gate,datafile,delta,delta_err,sigma,sigma_err,eta,eta_err,parent_csv
-0.05,-4.841770211378229e-07,4.668531851278277e-07,0.0001172234835034,0.0001389773370275,-4.842594829048036e-07,4.669425497565979e-07,1.5819041444762976e-10,1.8076927797402391e-10,20,15,-5.5,2024/01/Data_0121/JS633-W2_Wsc@v3.1_Wsc=0.9um-ENE_WFS06-308.hdf5,-1.7316933148205716e-08,2.4021186290931344e-10,9.512020326614016e-07,2.4021186290931344e-10,-0.018205315541383,0.0002525769063699,diode-lowfield_-5.5V/data.csv
-0.045,-4.895367578306807e-07,4.735618228931578e-07,0.000105172771873,0.0001301029915278,-4.89493900338863e-07,4.732999147440885e-07,3.4151513461019405e-10,2.2195850600494368e-10,23,17,-5.5,2024/01/Data_0121/JS633-W2_Wsc@v3.1_Wsc=0.9um-ENE_WFS06-308.hdf5,-1.6193985594774457e-08,4.0730598517056636e-10,9.627938150829514e-07,4.0730598517056636e-10,-0.0168197856499309,0.0004231057462179,diode-lowfield_-5.5V/data.csv
-0.04,-4.940927785482762e-07,4.7904461713428e-07,9.351555733987972e-05,0.0001205536618089,-4.938958355300936e-07,4.790746602748929e-07,2.2119051403451474e-10,2.0878693228600144e-10,23,19,-5.5,2024/01/Data_0121/JS633-W2_Wsc@v3.1_Wsc=0.9um-ENE_WFS06-308.hdf5,-1.4821175255200754e-08,3.0416644553969485e-10,9.729704958049865e-07,3.0416644553969485e-10,-0.0152329133505106,0.0003126525772838,diode-lowfield_-5.5V/data.csv
-0.035,-4.979030637567744e-07,4.844753579113389e-07,8.58069087811576e-05,0.0001132978591646,-4.977615790132588e-07,4.845451473519838e-07,1.6316104890581027e-10,2.4792424841428145e-10,21,21,-5.5,2024/01/Data_0121/JS633-W2_Wsc@v3.1_Wsc=0.9um-ENE_WFS06-308.hdf5,-1.3216431661275054e-08,2.967961604061457e-10,9.823067263652429e-07,2.967961604061457e-10,-0.0134544855558292,0.0003021693883553,diode-lowfield_-5.5V/data.csv
-0.03,-5.012561104717304e-07,4.891462405573443e-07,8.162323502761116e-05,0.0001089721083467,-5.013043648078806e-07,4.891554368390997e-07,2.019683781930396e-10,1.8911925022704038e-10,21,21,-5.5,2024/01/Data_0121/JS633-W2_Wsc@v3.1_Wsc=0.9um-ENE_WFS06-308.hdf5,-1.2148927968780895e-08,2.7668992861389914e-10,9.9045980164698e-07,2.7668992861389914e-10,-0.0122659475413127,0.0002793760451971,diode-lowfield_-5.5V/data.csv
-0.025,-5.040490223710928e-07,4.932275507367172e-07,7.628221983937655e-05,0.0001053690760333,-5.039184416535445e-07,4.932221714071971e-07,1.7653771832935435e-10,1.6957567357664156e-10,19,21,-5.5,2024/01/Data_0121/JS633-W2_Wsc@v3.1_Wsc=0.9um-ENE_WFS06-308.hdf5,-1.0696270246347441e-08,2.4478863344098753e-10,9.971406130607416e-07,2.4478863344098753e-10,-0.0107269427262771,0.0002455047095795,diode-lowfield_-5.5V/data.csv
-0.02,-5.061361974496799e-07,4.967093453136015e-07,7.021468698086671e-05,9.970569961085552e-05,-5.060020216847992e-07,4.967990654348867e-07,1.1771006470149616e-10,2.449664262929262e-10,14,14,-5.5,2024/01/Data_0121/JS633-W2_Wsc@v3.1_Wsc=0.9um-ENE_WFS06-308.hdf5,-9.202956249912496e-09,2.7177970737852755e-10,1.002801087119686e-06,2.7177970737852755e-10,-0.0091772499732183,0.0002710319678872,diode-lowfield_-5.5V/data.csv
-0.015,-5.120187207301146e-07,5.042253997084882e-07,7.060869767114824e-05,0.0001005403022275,-5.119675592631565e-07,5.041885167553038e-07,1.5508430999721218e-10,1.7240099676460608e-10,15,9,-5.5,2024/01/Data_0121/JS633-W2_Wsc@v3.1_Wsc=0.9um-ENE_WFS06-308.hdf5,-7.779042507852738e-09,2.3189059250590808e-10,1.0161560760184605e-06,2.3189059250590808e-10,-0.0076553618990626,0.0002282104027156,diode-lowfield_-5.5V/data.csv
-0.01,-5.154419614653959e-07,5.088490722974288e-07,6.685695636909629e-05,9.967358804086576e-05,-5.153815193627967e-07,5.089721900626376e-07,1.7030303645581058e-10,1.3131795611623886e-10,19,23,-5.5,2024/01/Data_0121/JS633-W2_Wsc@v3.1_Wsc=0.9um-ENE_WFS06-308.hdf5,-6.409329300159059e-09,2.150523885582664e-10,1.024353709425434e-06,2.150523885582664e-10,-0.0062569493732336,0.0002099436904712,diode-lowfield_-5.5V/data.csv
-0.005,-5.139844269604211e-07,5.090724207368597e-07,6.336322571763754e-05,9.257906350672174e-05,-5.14048586801903e-07,5.091546044364202e-07,8.780101390330219e-11,1.4833034051804146e-10,16,16,-5.5,2024/01/Data_0121/JS633-W2_Wsc@v3.1_Wsc=0.9um-ENE_WFS06-308.hdf5,-4.893982365482784e-09,1.7236852369457136e-10,1.0232031912383231e-06,1.7236852369457136e-10,-0.0047830014677337,0.0001684616475061,diode-lowfield_-5.5V/data.csv
0.0,-5.136848000813444e-07,5.104090291387578e-07,6.227443241061757e-05,9.508778902665858e-05,-5.136200675933233e-07,5.102767197526234e-07,1.3395297589714014e-10,1.7559459385840448e-10,17,23,-5.5,2024/01/Data_0121/JS633-W2_Wsc@v3.1_Wsc=0.9um-ENE_WFS06-308.hdf5,-3.343347840699834e-09,2.208548417943284e-10,1.0238967873459468e-06,2.208548417943284e-10,-0.0032653172487884,0.0002157014475781,diode-lowfield_-5.5V/data.csv
0.005,-5.125654232714028e-07,5.108331704527583e-07,5.586237341870517e-05,8.993234500437818e-05,-5.127283737024642e-07,5.108435234231855e-07,1.4860646988550736e-10,1.4390460155678988e-10,17,23,-5.5,2024/01/Data_0121/JS633-W2_Wsc@v3.1_Wsc=0.9um-ENE_WFS06-308.hdf5,-1.8848502792787582e-09,2.0686328151958399e-10,1.0235718971256496e-06,2.0686328151958399e-10,-0.0018414439518823,0.0002020997575531,diode-lowfield_-5.5V/data.csv
0.01,-5.159989745755674e-07,5.160186096952513e-07,6.014235122294114e-05,9.159893293051844e-05,-5.161128896004662e-07,5.158792987733722e-07,7.54907486078896e-11,1.625122255282816e-10,9,13,-5.5,2024/01/Data_0121/JS633-W2_Wsc@v3.1_Wsc=0.9um-ENE_WFS06-308.hdf5,-2.33590827093999e-10,1.7919005712241578e-10,1.0319921883738385e-06,1.7919005712241578e-10,-0.0002263494140029,0.0001736350950437,diode-lowfield_-5.5V/data.csv
0.015,-5.131474467764009e-07,5.145594720964725e-07,5.076639332520086e-05,8.532282675767967e-05,-5.132239545035854e-07,5.144887513780645e-07,1.8655459311788068e-10,2.0705808792092e-10,15,21,-5.5,2024/01/Data_0121/JS633-W2_Wsc@v3.1_Wsc=0.9um-ENE_WFS06-308.hdf5,1.2647968744791234e-09,2.7870354857239516e-10,1.02771270588165e-06,2.7870354857239516e-10,0.0012306910941556,0.0002711883953945,diode-lowfield_-5.5V/data.csv
0.02,-5.104366983497784e-07,5.132270553404691e-07,5.175949215100471e-05,8.682632059066342e-05,-5.105152871886331e-07,5.133233697748481e-07,7.635980877356913e-11,1.4496788090882547e-10,15,23,-5.5,2024/01/Data_0121/JS633-W2_Wsc@v3.1_Wsc=0.9um-ENE_WFS06-308.hdf5,2.808082586215079e-09,1.638490368941223e-10,1.0238386569634812e-06,1.638490368941223e-10,0.0027427002947352,0.0001600346422241,diode-lowfield_-5.5V/data.csv
0.025,-5.072824685146599e-07,5.119967386343633e-07,5.265027973790242e-05,8.800839886007232e-05,-5.073691612520219e-07,5.116763244643266e-07,7.252543052483587e-11,2.0847161036887687e-10,17,23,-5.5,2024/01/Data_0121/JS633-W2_Wsc@v3.1_Wsc=0.9um-ENE_WFS06-308.hdf5,4.307163212304728e-09,2.2072686832962959e-10,1.0190454857163483e-06,2.2072686832962959e-10,0.0042266643370457,0.0002166035206704,diode-lowfield_-5.5V/data.csv
0.03,-5.035835425480831e-07,5.091697692781216e-07,5.272550304514962e-05,8.884830536842536e-05,-5.035816563805599e-07,5.092282520818855e-07,9.279962822650206e-11,1.4359830222945395e-10,17,23,-5.5,2024/01/Data_0121/JS633-W2_Wsc@v3.1_Wsc=0.9um-ENE_WFS06-308.hdf5,5.6465957013255315e-09,1.7097439399558807e-10,1.0128099084624457e-06,1.7097439399558807e-10,0.0055751781791883,0.0001688145521797,diode-lowfield_-5.5V/data.csv
0.035,-4.98297526296455e-07,5.060711249669084e-07,5.48823922932072e-05,8.991895789604829e-05,-4.982663366571516e-07,5.057492046694189e-07,1.1617185677208477e-10,2.2322756178035839e-10,17,23,-5.5,2024/01/Data_0121/JS633-W2_Wsc@v3.1_Wsc=0.9um-ENE_WFS06-308.hdf5,7.4828680122673e-09,2.5164746103284554e-10,1.0040155413265706e-06,2.5164746103284554e-10,0.0074529404219982,0.0002506479627283,diode-lowfield_-5.5V/data.csv
0.04,-4.92143326638186e-07,5.013472282551035e-07,5.530993887808735e-05,8.965817820361987e-05,-4.92138242841779e-07,5.012250716899641e-07,1.1154740419173454e-10,2.883460275709541e-10,17,23,-5.5,2024/01/Data_0121/JS633-W2_Wsc@v3.1_Wsc=0.9um-ENE_WFS06-308.hdf5,9.086828848185142e-09,3.09170268618869e-10,9.93363314531743e-07,3.09170268618869e-10,0.0091475381819073,0.0003112488644546,diode-lowfield_-5.5V/data.csv
0.045,-4.856752332031267e-07,4.967204369139464e-07,5.518566410605549e-05,8.935850142784649e-05,-4.857901512279418e-07,4.968130070389501e-07,8.730265350993993e-11,2.520537967941397e-10,17,17,-5.5,2024/01/Data_0121/JS633-W2_Wsc@v3.1_Wsc=0.9um-ENE_WFS06-308.hdf5,1.10228558110083e-08,2.6674495269492556e-10,9.82603158266892e-07,2.6674495269492556e-10,0.0112180138220299,0.0002714847128531,diode-lowfield_-5.5V/data.csv
0.05,-4.802269183042808e-07,4.928475433234402e-07,6.048962147711976e-05,8.591988283973238e-05,-4.802229632992936e-07,4.931333210681969e-07,1.7052469549044187e-10,3.9931588889533717e-10,17,23,-5.5,2024/01/Data_0121/JS633-W2_Wsc@v3.1_Wsc=0.9um-ENE_WFS06-308.hdf5,1.2910357768903264e-08,4.3420254593493715e-10,9.733562843674904e-07,4.3420254593493715e-10,0.0132637534438817,0.0004461272251884,diode-lowfield_-5.5V/data.csv
-0.05,-3.4644093380959244e-06,3.439814290862512e-06,0.0001149204842046,0.0001125716793932,-3.4632023206635754e-06,3.439659439277968e-06,1.8239251531321662e-09,1.4850171266376092e-09,35,37,-3.5,2024/01/Data_0121/JS633-W2_Wsc@v3.1_Wsc=0.9um-ENE_WFS06-298.hdf5,-2.3542881385607388e-08,2.352015907819337e-09,6.902861759941544e-06,2.352015907819337e-09,-0.0034105972572463,0.0003407325351577,diode-lowfield_-3.5V/data.csv
-0.045,-3.5061572357041702e-06,3.495879789693447e-06,0.0001054493215501,0.0001025867582213,-3.507324605182953e-06,3.4965924116734427e-06,1.600417616870861e-09,1.2425027914335942e-09,39,41,-3.5,2024/01/Data_0121/JS633-W2_Wsc@v3.1_Wsc=0.9um-ENE_WFS06-298.hdf5,-1.0732193509510177e-08,2.026116910523892e-09,7.003917016856395e-06,2.026116910523892e-09,-0.0015323130590612,0.0002892837371274,diode-lowfield_-3.5V/data.csv
-0.04,-3.546121122590256e-06,3.54398837796801e-06,9.692216974389146e-05,9.303988291475342e-05,-3.546663594356473e-06,3.543639091636779e-06,1.3898988887387751e-09,1.1929940724544572e-09,41,43,-3.5,2024/01/Data_0121/JS633-W2_Wsc@v3.1_Wsc=0.9um-ENE_WFS06-298.hdf5,-3.024502719694205e-09,1.8316805883747183e-09,7.090302685993252e-06,1.8316805883747183e-09,-0.0004265689144229,0.000258336045179,diode-lowfield_-3.5V/data.csv
-0.035,-3.580464935512855e-06,3.5807057761312025e-06,9.014511148545784e-05,8.6167280124512e-05,-3.580876030932404e-06,3.580864590885659e-06,1.7997448260819683e-09,1.199645980288748e-09,45,45,-3.5,2024/01/Data_0121/JS633-W2_Wsc@v3.1_Wsc=0.9um-ENE_WFS06-298.hdf5,-1.1440046745201174e-11,2.162922078354134e-09,7.161740621818063e-06,2.162922078354134e-09,-1.5973835620839658e-06,0.0003020106692732,diode-lowfield_-3.5V/data.csv
-0.03,-3.611703102605008e-06,3.612222114963002e-06,8.449331621184344e-05,8.043555403828785e-05,-3.61231326351174e-06,3.612210522853128e-06,1.805752221967177e-09,1.263777531260908e-09,47,45,-3.5,2024/01/Data_0121/JS633-W2_Wsc@v3.1_Wsc=0.9um-ENE_WFS06-298.hdf5,-1.0274065861215639e-10,2.2040586960558274e-09,7.224523786364868e-06,2.2040586960558274e-09,-1.4221097701423998e-05,0.0003050801355846,diode-lowfield_-3.5V/data.csv
-0.025,-3.6387615066589934e-06,3.6379836135811903e-06,8.156394430610402e-05,7.794230096734941e-05,-3.639690099160241e-06,3.636991807058299e-06,1.9823792001465562e-09,1.277887295744014e-09,45,43,-3.5,2024/01/Data_0121/JS633-W2_Wsc@v3.1_Wsc=0.9um-ENE_WFS06-298.hdf5,-2.698292101942257e-09,2.358563807446737e-09,7.27668190621854e-06,2.358563807446737e-09,-0.0003708135296715,0.0003241262982219,diode-lowfield_-3.5V/data.csv
-0.02,-3.6615253462195495e-06,3.656159213222013e-06,8.63504531764586e-05,8.282019796531445e-05,-3.661679118312152e-06,3.656397127474404e-06,1.6159145312600791e-09,1.4489808784681826e-09,45,45,-3.5,2024/01/Data_0121/JS633-W2_Wsc@v3.1_Wsc=0.9um-ENE_WFS06-298.hdf5,-5.281990837747637e-09,2.170420548765586e-09,7.318076245786556e-06,2.170420548765586e-09,-0.0007217731354997,0.0002965835612005,diode-lowfield_-3.5V/data.csv
-0.015,-3.677919782775404e-06,3.670161866527397e-06,8.114206981417685e-05,7.783353551706117e-05,-3.678638905469172e-06,3.6702181527992017e-06,2.269822511835617e-09,1.441251537840833e-09,45,45,-3.5,2024/01/Data_0121/JS633-W2_Wsc@v3.1_Wsc=0.9um-ENE_WFS06-298.hdf5,-8.42075266997055e-09,2.6887358052743516e-09,7.348857058268374e-06,2.6887358052743516e-09,-0.0011458588190249,0.0003658715292867,diode-lowfield_-3.5V/data.csv
-0.01,-3.692916589148029e-06,3.680439734893851e-06,7.804279931563688e-05,7.507146914778593e-05,-3.6930861034116575e-06,3.6807421597756254e-06,1.537957006729775e-09,1.089899021149345e-09,45,43,-3.5,2024/01/Data_0121/JS633-W2_Wsc@v3.1_Wsc=0.9um-ENE_WFS06-298.hdf5,-1.2343943636031244e-08,1.884991148746198e-09,7.373828263187284e-06,1.884991148746198e-09,-0.0016740210370312,0.0002556329931568,diode-lowfield_-3.5V/data.csv
-0.005,-3.705427762053121e-06,3.691321370877219e-06,7.203243147102588e-05,7.043063377357285e-05,-3.706136175799196e-06,3.691780131228688e-06,1.6574859050156539e-09,1.1484595221044872e-09,43,41,-3.5,2024/01/Data_0121/JS633-W2_Wsc@v3.1_Wsc=0.9um-ENE_WFS06-298.hdf5,-1.4356044570508055e-08,2.0164867466060942e-09,7.397916307027884e-06,2.0164867466060942e-09,-0.0019405524440537,0.0002725754739173,diode-lowfield_-3.5V/data.csv
0.0,-3.706336965081912e-06,3.6905678661962473e-06,7.11396084260377e-05,6.971260721923911e-05,-3.708517260876171e-06,3.692174858803325e-06,2.179317351473084e-09,1.3644405046958275e-09,43,41,-3.5,2024/01/Data_0121/JS633-W2_Wsc@v3.1_Wsc=0.9um-ENE_WFS06-298.hdf5,-1.6342402072846138e-08,2.571210222694026e-09,7.400692119679496e-06,2.571210222694026e-09,-0.0022082261778448,0.0003474291931152,diode-lowfield_-3.5V/data.csv
0.005,-3.709125538457829e-06,3.694277178170431e-06,7.294919821180943e-05,7.196690490987419e-05,-3.709562372296858e-06,3.693358417645457e-06,1.7611504856186395e-09,1.375159343335101e-09,43,41,-3.5,2024/01/Data_0121/JS633-W2_Wsc@v3.1_Wsc=0.9um-ENE_WFS06-298.hdf5,-1.6203954651401052e-08,2.2344382409358726e-09,7.402920789942315e-06,2.2344382409358726e-09,-0.0021888596556937,0.0003018327032056,diode-lowfield_-3.5V/data.csv
0.01,-3.710518720286256e-06,3.692355320215336e-06,7.20459441884255e-05,7.124749030956955e-05,-3.7104688806460846e-06,3.691200561087183e-06,1.996314533855495e-09,1.5651906378454143e-09,43,41,-3.5,2024/01/Data_0121/JS633-W2_Wsc@v3.1_Wsc=0.9um-ENE_WFS06-298.hdf5,-1.9268319558901485e-08,2.5367485982811968e-09,7.401669441733268e-06,2.5367485982811968e-09,-0.0026032396759384,0.000342727706746,diode-lowfield_-3.5V/data.csv
0.015,-3.702620665150647e-06,3.680348675005488e-06,6.817200204337358e-05,6.778872769188518e-05,-3.702792411444193e-06,3.6810986482139774e-06,1.19886773283946e-09,1.542439423650924e-09,41,41,-3.5,2024/01/Data_0121/JS633-W2_Wsc@v3.1_Wsc=0.9um-ENE_WFS06-298.hdf5,-2.1693763230215584e-08,1.9535616746026275e-09,7.38389105965817e-06,1.9535616746026275e-09,-0.0029379852783499,0.0002645719025559,diode-lowfield_-3.5V/data.csv
0.02,-3.691089448566534e-06,3.666176987088007e-06,7.093043350726467e-05,7.114886656374884e-05,-3.6913692847017104e-06,3.666342058869721e-06,1.413676364568118e-09,1.32312864016902e-09,41,41,-3.5,2024/01/Data_0121/JS633-W2_Wsc@v3.1_Wsc=0.9um-ENE_WFS06-298.hdf5,-2.5027225831989376e-08,1.9362722593101542e-09,7.357711343571431e-06,1.9362722593101542e-09,-0.0034014960173527,0.0002631638250492,diode-lowfield_-3.5V/data.csv
0.025,-3.674906841376488e-06,3.646153756938346e-06,7.003068336022848e-05,7.023283328166616e-05,-3.674871094131949e-06,3.645754015716045e-06,1.2765840813116387e-09,1.2212706821455475e-09,41,41,-3.5,2024/01/Data_0121/JS633-W2_Wsc@v3.1_Wsc=0.9um-ENE_WFS06-298.hdf5,-2.9117078415903957e-08,1.766683049029036e-09,7.320625109847994e-06,1.766683049029036e-09,-0.0039774032926142,0.0002413314432435,diode-lowfield_-3.5V/data.csv
0.03,-3.651830041714953e-06,3.619258636552976e-06,7.032194666466381e-05,7.081022759332946e-05,-3.651976777498733e-06,3.620117608466376e-06,1.3027809264468388e-09,1.5143062226076255e-09,41,41,-3.5,2024/01/Data_0121/JS633-W2_Wsc@v3.1_Wsc=0.9um-ENE_WFS06-298.hdf5,-3.1859169032356737e-08,1.997588916204197e-09,7.272094385965109e-06,1.997588916204197e-09,-0.0043810169865016,0.0002746950163544,diode-lowfield_-3.5V/data.csv
0.035,-3.621471026567816e-06,3.5882273016791684e-06,7.11969006021812e-05,7.19044388870548e-05,-3.620704175949052e-06,3.588162179868548e-06,1.1085906810370303e-09,1.749985397752772e-09,41,41,-3.5,2024/01/Data_0121/JS633-W2_Wsc@v3.1_Wsc=0.9um-ENE_WFS06-298.hdf5,-3.254199608050412e-08,2.0715748092767673e-09,7.2088663558176e-06,2.0715748092767673e-09,-0.0045141627648905,0.0002873677793217,diode-lowfield_-3.5V/data.csv
0.04,-3.5822616670980165e-06,3.551970179814356e-06,7.080525191135217e-05,7.128213352419863e-05,-3.5818457515089548e-06,3.5518641979502328e-06,1.403131108147145e-09,1.9437479057754096e-09,41,41,-3.5,2024/01/Data_0121/JS633-W2_Wsc@v3.1_Wsc=0.9um-ENE_WFS06-298.hdf5,-2.998155355872202e-08,2.39727612674396e-09,7.133709949459187e-06,2.39727612674396e-09,-0.0042027996331691,0.0003360519723689,diode-lowfield_-3.5V/data.csv
0.045,-3.5320989313890817e-06,3.509925366971517e-06,7.354609612666958e-05,7.388704466711112e-05,-3.531147906146174e-06,3.508545514548176e-06,1.3892728699507595e-09,1.921353672789485e-09,43,41,-3.5,2024/01/Data_0121/JS633-W2_Wsc@v3.1_Wsc=0.9um-ENE_WFS06-298.hdf5,-2.2602391597997957e-08,2.3710080225766555e-09,7.03969342069435e-06,2.3710080225766555e-09,-0.003210706808844,0.0003368073155724,diode-lowfield_-3.5V/data.csv
0.05,-3.471518270918509e-06,3.463970137091449e-06,7.464981459994212e-05,7.462141479140499e-05,-3.471283572950165e-06,3.463369879980124e-06,1.4863223744530901e-09,1.999653232290413e-09,43,41,-3.5,2024/01/Data_0121/JS633-W2_Wsc@v3.1_Wsc=0.9um-ENE_WFS06-298.hdf5,-7.91369297004084e-09,2.491539132787074e-09,6.934653452930289e-06,2.491539132787074e-09,-0.0011411807415836,0.000359288430497,diode-lowfield_-3.5V/data.csv
-0.05,-3.940103023739642e-06,3.7502583784504944e-06,0.000125315869797,0.0001274710707311,-3.938686899000374e-06,3.7526328754807054e-06,2.022783125641375e-09,2.5150130137741207e-09,17,17,-1.0,2024/01/Data_0120/JS633-W2_Wsc@v3.1_Wsc=0.9um-ENE_WFS06-292.hdf5,-1.8605402351966825e-07,3.2275287811005926e-09,7.69131977448108e-06,3.2275287811005926e-09,-0.0241901297794137,0.0004197553933354,diode-lowfield_-1.0V/data.csv
-0.045,-3.974708587093109e-06,3.819131637591271e-06,0.0001154847124709,0.0001176735785958,-3.975492246833412e-06,3.815484480101732e-06,3.128663642298087e-09,2.5130082717719e-09,19,17,-1.0,2024/01/Data_0120/JS633-W2_Wsc@v3.1_Wsc=0.9um-ENE_WFS06-292.hdf5,-1.6000776673168038e-07,4.012947390713206e-09,7.790976726935144e-06,4.012947390713206e-09,-0.0205375747277613,0.0005151849064209,diode-lowfield_-1.0V/data.csv
-0.04,-4.010442125213926e-06,3.869630021343228e-06,0.000107265462265,0.0001092423927845,-4.006494662316729e-06,3.869995140748118e-06,2.4403658475162747e-09,2.545156947788324e-09,19,19,-1.0,2024/01/Data_0120/JS633-W2_Wsc@v3.1_Wsc=0.9um-ENE_WFS06-292.hdf5,-1.3649952156861125e-07,3.5260756314348962e-09,7.876489803064847e-06,3.5260756314348962e-09,-0.0173299940686138,0.0004477381639164,diode-lowfield_-1.0V/data.csv
-0.035,-4.032803827851898e-06,3.919716504546844e-06,0.0001003654576729,0.000102670812228,-4.035528312710073e-06,3.916483921462202e-06,3.143119515131386e-09,2.6631509391630147e-09,21,21,-1.0,2024/01/Data_0120/JS633-W2_Wsc@v3.1_Wsc=0.9um-ENE_WFS06-292.hdf5,-1.1904439124787049e-07,4.119656928818783e-09,7.952012234172274e-06,4.119656928818783e-09,-0.0149703481008617,0.000518122760945,diode-lowfield_-1.0V/data.csv
-0.03,-4.06096004194302e-06,3.960018921266839e-06,9.482414683786134e-05,9.669210890926696e-05,-4.059864746329827e-06,3.9567400027009865e-06,2.343398153663454e-09,2.387076289467368e-09,21,21,-1.0,2024/01/Data_0120/JS633-W2_Wsc@v3.1_Wsc=0.9um-ENE_WFS06-292.hdf5,-1.0312474362884021e-07,3.345093140456717e-09,8.016604749030813e-06,3.345093140456717e-09,-0.012863892739792,0.0004173050819273,diode-lowfield_-1.0V/data.csv
-0.025,-4.08094304444178e-06,3.990382971912346e-06,8.803715790948658e-05,9.01201554417334e-05,-4.080216061599057e-06,3.992447793430136e-06,3.075332821971312e-09,2.522701242803657e-09,23,23,-1.0,2024/01/Data_0120/JS633-W2_Wsc@v3.1_Wsc=0.9um-ENE_WFS06-292.hdf5,-8.776826816892116e-08,3.977649246268095e-09,8.072663855029193e-06,3.977649246268095e-09,-0.0108722807917045,0.0004927598129606,diode-lowfield_-1.0V/data.csv
-0.02,-4.0912381944508114e-06,4.020549135885387e-06,8.321917522038715e-05,8.506035806974782e-05,-4.094227676529745e-06,4.020767943334884e-06,2.7765034697858e-09,1.557587693127583e-09,23,23,-1.0,2024/01/Data_0120/JS633-W2_Wsc@v3.1_Wsc=0.9um-ENE_WFS06-292.hdf5,-7.345973319486138e-08,3.183559476358985e-09,8.114995619864629e-06,3.183559476358985e-09,-0.0090523441583923,0.0003923218275288,diode-lowfield_-1.0V/data.csv
-0.015,-4.101201434051834e-06,4.040862480724272e-06,8.118012614841816e-05,8.314271177143577e-05,-4.100958036193777e-06,4.042032440660292e-06,2.901561953590979e-09,2.6718084573451844e-09,23,23,-1.0,2024/01/Data_0120/JS633-W2_Wsc@v3.1_Wsc=0.9um-ENE_WFS06-292.hdf5,-5.89255955334844e-08,3.944315175447818e-09,8.14299047685407e-06,3.944315175447818e-09,-0.0072363581537982,0.0004843943336421,diode-lowfield_-1.0V/data.csv
-0.01,-4.101534297297961e-06,4.060869311842247e-06,7.764980514438819e-05,7.93811851175776e-05,-4.103962666822684e-06,4.062156647013199e-06,2.4134820306257782e-09,2.1511597263995182e-09,23,23,-1.0,2024/01/Data_0120/JS633-W2_Wsc@v3.1_Wsc=0.9um-ENE_WFS06-292.hdf5,-4.180601980948492e-08,3.233014642811996e-09,8.166119313835883e-06,3.233014642811996e-09,-0.0051194475861567,0.0003959110668004,diode-lowfield_-1.0V/data.csv
-0.005,-4.102205425553711e-06,4.081526002731279e-06,7.144977347810044e-05,7.392251678230423e-05,-4.1070578885113705e-06,4.082269468867325e-06,2.9908037716234558e-09,2.91174446753081e-09,23,21,-1.0,2024/01/Data_0120/JS633-W2_Wsc@v3.1_Wsc=0.9um-ENE_WFS06-292.hdf5,-2.4788419644045503e-08,4.174106256979255e-09,8.189327357378695e-06,4.174106256979255e-09,-0.0030269176651866,0.0005097030802214,diode-lowfield_-1.0V/data.csv
0.0,-4.101409093478816e-06,4.093185701113382e-06,7.062161510836477e-05,7.280800603931127e-05,-4.099972244690048e-06,4.093789882960577e-06,2.8996833497909982e-09,3.543792066030228e-09,21,21,-1.0,2024/01/Data_0120/JS633-W2_Wsc@v3.1_Wsc=0.9um-ENE_WFS06-292.hdf5,-6.1823617294714525e-09,4.578932816313637e-09,8.193762127650625e-06,4.578932816313637e-09,-0.0007545205283185,0.0005588317122677,diode-lowfield_-1.0V/data.csv
0.005,-4.091265514829003e-06,4.10159068740637e-06,7.529600820277634e-05,7.696333338181822e-05,-4.089404421360741e-06,4.101985118324088e-06,2.2118768320543136e-09,3.303315811814192e-09,23,23,-1.0,2024/01/Data_0120/JS633-W2_Wsc@v3.1_Wsc=0.9um-ENE_WFS06-292.hdf5,1.2580696963346621e-08,3.975461542105555e-09,8.191389539684829e-06,3.975461542105555e-09,0.001535844059472,0.0004853225709186,diode-lowfield_-1.0V/data.csv
0.01,-4.071445745960606e-06,4.111434870369158e-06,7.309706112739305e-05,7.544801276627559e-05,-4.074171733300002e-06,4.107307362908444e-06,2.5535542594711434e-09,3.184506758697422e-09,21,21,-1.0,2024/01/Data_0120/JS633-W2_Wsc@v3.1_Wsc=0.9um-ENE_WFS06-292.hdf5,3.3135629608442524e-08,4.081877344097049e-09,8.181479096208447e-06,4.081877344097049e-09,0.0040500781360913,0.0004989208887228,diode-lowfield_-1.0V/data.csv
0.015,-4.050881792517594e-06,4.101229563389256e-06,6.88258332119899e-05,7.121329295941745e-05,-4.053447824221377e-06,4.1036422233949125e-06,2.637592240501861e-09,2.015037879761936e-09,21,21,-1.0,2024/01/Data_0120/JS633-W2_Wsc@v3.1_Wsc=0.9um-ENE_WFS06-292.hdf5,5.0194399173535535e-08,3.3192273926368926e-09,8.157090047616289e-06,3.3192273926368926e-09,0.0061534688081816,0.0004069208767139,diode-lowfield_-1.0V/data.csv
0.02,-4.030565436425461e-06,4.092849406276916e-06,7.224906619083832e-05,7.485926869021225e-05,-4.028582688432026e-06,4.096000506571028e-06,2.368541841136508e-09,2.664573500074356e-09,21,21,-1.0,2024/01/Data_0120/JS633-W2_Wsc@v3.1_Wsc=0.9um-ENE_WFS06-292.hdf5,6.741781813900196e-08,3.56510061436039e-09,8.124583195003055e-06,3.56510061436039e-09,0.0082980032970142,0.0004388192313982,diode-lowfield_-1.0V/data.csv
0.025,-4.000475928051096e-06,4.081134072946297e-06,7.176330474858055e-05,7.4615007088438e-05,-4.001397833026852e-06,4.08174928379481e-06,2.853328570297325e-09,2.633020843147565e-09,21,21,-1.0,2024/01/Data_0120/JS633-W2_Wsc@v3.1_Wsc=0.9um-ENE_WFS06-292.hdf5,8.035145076795815e-08,3.882561356955546e-09,8.083147116821662e-06,3.882561356955546e-09,0.0099406146648921,0.0004803516656746,diode-lowfield_-1.0V/data.csv
0.03,-3.960278628308638e-06,4.060966558500463e-06,7.128897336499009e-05,7.386081343749235e-05,-3.962428414963877e-06,4.060625285397258e-06,1.549384014995926e-09,1.6766663138642527e-09,21,21,-1.0,2024/01/Data_0120/JS633-W2_Wsc@v3.1_Wsc=0.9um-ENE_WFS06-292.hdf5,9.819687043338109e-08,2.2829368703431194e-09,8.023053700361135e-06,2.2829368703431194e-09,0.0122393385487325,0.0002845684377528,diode-lowfield_-1.0V/data.csv
0.035,-3.919794399696256e-06,4.031325942392166e-06,7.451850085394429e-05,7.686598390454123e-05,-3.917436707505959e-06,4.034709182103392e-06,2.5604568939254597e-09,2.777077015541582e-09,21,23,-1.0,2024/01/Data_0120/JS633-W2_Wsc@v3.1_Wsc=0.9um-ENE_WFS06-292.hdf5,1.1727247459743313e-07,3.777313364800405e-09,7.95214588960935e-06,3.777313364800405e-09,0.0147472740346309,0.0004750571913439,diode-lowfield_-1.0V/data.csv
0.04,-3.869120688211727e-06,4.000604035685016e-06,7.348378931780816e-05,7.598191980068714e-05,-3.865946543792941e-06,4.0008138591912425e-06,2.923068673744403e-09,2.1607808504761602e-09,21,23,-1.0,2024/01/Data_0120/JS633-W2_Wsc@v3.1_Wsc=0.9um-ENE_WFS06-292.hdf5,1.3486731539830148e-07,3.6350109154183196e-09,7.866760402984183e-06,3.6350109154183196e-09,0.0171439459815174,0.0004621400528098,diode-lowfield_-1.0V/data.csv
0.045,-3.8023987722610094e-06,3.962903769421235e-06,7.417901785663229e-05,7.705551997441323e-05,-3.8050447708736895e-06,3.964216497746847e-06,3.054968548339062e-09,2.264213831750435e-09,23,23,-1.0,2024/01/Data_0120/JS633-W2_Wsc@v3.1_Wsc=0.9um-ENE_WFS06-292.hdf5,1.591717268731574e-07,3.802564543466799e-09,7.769261268620536e-06,3.802564543466799e-09,0.0204873695670449,0.000489539784781,diode-lowfield_-1.0V/data.csv
0.05,-3.729593400002721e-06,3.920154995052447e-06,7.371898823066905e-05,7.622334755958732e-05,-3.732958205986468e-06,3.922807658402293e-06,2.686422953295789e-09,2.2628438204583016e-09,21,21,-1.0,2024/01/Data_0120/JS633-W2_Wsc@v3.1_Wsc=0.9um-ENE_WFS06-292.hdf5,1.898494524158247e-07,3.5124536210149152e-09,7.65576586438876e-06,3.5124536210149152e-09,0.0247982312650025,0.000458939512119,diode-lowfield_-1.0V/data.csv
-0.05,-1.998925825826381e-06,1.975207636762665e-06,0.0001230980324692,0.0001130825528609,-1.9996157040203e-06,1.9760765556227503e-06,1.8327126682408274e-09,1.3037876157128203e-09,17,19,-4.5,2024/01/Data_0121/JS633-W2_Wsc@v3.1_Wsc=0.9um-ENE_WFS06-302.hdf5,-2.3539148397549826e-08,2.2491549237917192e-09,3.97569225964305e-06,2.2491549237917192e-09,-0.0059207672174463,0.000565736530688,diode-lowfield_-4.5V/data.csv
-0.045,-2.019847492272244e-06,2.0045220026385235e-06,0.0001151147293637,0.0001034398978487,-2.019324509186384e-06,2.0047048603456126e-06,1.122835339740174e-09,1.474494559026641e-09,19,21,-4.5,2024/01/Data_0121/JS633-W2_Wsc@v3.1_Wsc=0.9um-ENE_WFS06-302.hdf5,-1.4619648840771205e-08,1.8533465420068102e-09,4.024029369531996e-06,1.8533465420068102e-09,-0.0036330870126008,0.0004605728744072,diode-lowfield_-4.5V/data.csv
-0.04,-2.042137854856253e-06,2.032419826440093e-06,0.0001055692063158,9.43838256402852e-05,-2.0427545164369287e-06,2.031902713983068e-06,8.238679675537264e-10,1.270716936332096e-09,19,23,-4.5,2024/01/Data_0121/JS633-W2_Wsc@v3.1_Wsc=0.9um-ENE_WFS06-302.hdf5,-1.0851802453861052e-08,1.51442396977938e-09,4.074657230419996e-06,1.51442396977938e-09,-0.0026632430263937,0.0003716703651204,diode-lowfield_-4.5V/data.csv
-0.035,-2.0667149953301314e-06,2.0594757691890218e-06,9.728442698094629e-05,8.722157788997314e-05,-2.066932599478302e-06,2.059648941929505e-06,1.0247288186119812e-09,1.354963313781896e-09,21,23,-4.5,2024/01/Data_0121/JS633-W2_Wsc@v3.1_Wsc=0.9um-ENE_WFS06-302.hdf5,-7.283657548797121e-09,1.698821571969441e-09,4.126581541407807e-06,1.698821571969441e-09,-0.0017650584329207,0.0004116783350096,diode-lowfield_-4.5V/data.csv
-0.03,-2.0857791019560413e-06,2.079124638796814e-06,9.26839648825102e-05,8.319514046942019e-05,-2.085611387736048e-06,2.0774147900308137e-06,9.129090950962759e-10,1.1680571361777176e-09,23,23,-4.5,2024/01/Data_0121/JS633-W2_Wsc@v3.1_Wsc=0.9um-ENE_WFS06-302.hdf5,-8.19659770523415e-09,1.4824845662890363e-09,4.1630261777668615e-06,1.4824845662890363e-09,-0.0019689037145644,0.0003561081233863,diode-lowfield_-4.5V/data.csv
-0.025,-2.1012338266293057e-06,2.091235135622584e-06,8.82950437569068e-05,7.901878738585231e-05,-2.100964786406932e-06,2.091270302002405e-06,1.0894364989693138e-09,8.966603600027731e-10,23,23,-4.5,2024/01/Data_0121/JS633-W2_Wsc@v3.1_Wsc=0.9um-ENE_WFS06-302.hdf5,-9.694484404526831e-09,1.4109825252237594e-09,4.192235088409337e-06,1.4109825252237594e-09,-0.0023124858697285,0.0003365713678124,diode-lowfield_-4.5V/data.csv
-0.02,-2.116402444364464e-06,2.10435256706822e-06,8.385632833417675e-05,7.512038371147144e-05,-2.116591330539232e-06,2.1043530414549e-06,7.166796064179461e-10,1.1051742458285955e-09,23,21,-4.5,2024/01/Data_0121/JS633-W2_Wsc@v3.1_Wsc=0.9um-ENE_WFS06-302.hdf5,-1.2238289084332238e-08,1.3172090843515264e-09,4.220944371994132e-06,1.3172090843515264e-09,-0.0028994196572532,0.0003120663303992,diode-lowfield_-4.5V/data.csv
-0.015,-2.13066024555014e-06,2.112771251314469e-06,8.259088169990427e-05,7.392957536148216e-05,-2.1303713160775574e-06,2.11287960816773e-06,9.242639107659647e-10,1.073675286514427e-09,23,21,-4.5,2024/01/Data_0121/JS633-W2_Wsc@v3.1_Wsc=0.9um-ENE_WFS06-302.hdf5,-1.7491707909827236e-08,1.4167012379525307e-09,4.243250924245288e-06,1.4167012379525307e-09,-0.0041222421728308,0.0003338744986123,diode-lowfield_-4.5V/data.csv
-0.01,-2.139249888413319e-06,2.1163778593535126e-06,7.824956666562675e-05,6.986017855986484e-05,-2.1390174020725827e-06,2.1168743588346154e-06,1.0410119907794327e-09,7.921539332068762e-10,23,21,-4.5,2024/01/Data_0121/JS633-W2_Wsc@v3.1_Wsc=0.9um-ENE_WFS06-302.hdf5,-2.2143043237967275e-08,1.3081337159639614e-09,4.255891760907198e-06,1.3081337159639614e-09,-0.0052029150368352,0.0003073742226394,diode-lowfield_-4.5V/data.csv
-0.005,-2.147175938933735e-06,2.120389236272689e-06,7.513660572005565e-05,6.719885921051589e-05,-2.147127752664654e-06,2.1204046444754184e-06,7.198071862815554e-10,9.624392008921035e-10,21,21,-4.5,2024/01/Data_0121/JS633-W2_Wsc@v3.1_Wsc=0.9um-ENE_WFS06-302.hdf5,-2.67231081892357e-08,1.201836761310121e-09,4.267532397140073e-06,1.201836761310121e-09,-0.0062619578956552,0.000281628869453,diode-lowfield_-4.5V/data.csv
0.0,-2.1475969390048844e-06,2.116263623136489e-06,7.548373693298307e-05,6.848367510768846e-05,-2.148066591935792e-06,2.116930998537488e-06,6.738238723381841e-10,7.263420438325916e-10,23,21,-4.5,2024/01/Data_0121/JS633-W2_Wsc@v3.1_Wsc=0.9um-ENE_WFS06-302.hdf5,-3.113559339830396e-08,9.90763026950306e-10,4.26499759047328e-06,9.90763026950306e-10,-0.007300260489678,0.0002323071482095,diode-lowfield_-4.5V/data.csv
0.005,-2.15152387970023e-06,2.1153556794541765e-06,7.232852639917755e-05,6.585292449375639e-05,-2.15167407296643e-06,2.1155848780723588e-06,7.61616917399725e-10,4.480564513800573e-10,21,21,-4.5,2024/01/Data_0121/JS633-W2_Wsc@v3.1_Wsc=0.9um-ENE_WFS06-302.hdf5,-3.608919489407117e-08,8.836373195450432e-10,4.267258951038789e-06,8.836373195450432e-10,-0.0084572310488178,0.0002070811568014,diode-lowfield_-4.5V/data.csv
0.01,-2.154776667670979e-06,2.1151812795709875e-06,7.611998032682221e-05,6.949728699769867e-05,-2.1547761171736144e-06,2.1146645563126107e-06,7.6736510046249e-10,6.713089557678589e-10,23,21,-4.5,2024/01/Data_0121/JS633-W2_Wsc@v3.1_Wsc=0.9um-ENE_WFS06-302.hdf5,-4.011156086100375e-08,1.0195611367161563e-09,4.269440673486225e-06,1.0195611367161563e-09,-0.0093950388185744,0.0002388149198866,diode-lowfield_-4.5V/data.csv
0.015,-2.150911326489543e-06,2.105694764443506e-06,6.75082855616385e-05,6.105494890480029e-05,-2.1507040509484085e-06,2.105900588627412e-06,5.54605325843697e-10,7.978692468814732e-10,21,19,-4.5,2024/01/Data_0121/JS633-W2_Wsc@v3.1_Wsc=0.9um-ENE_WFS06-302.hdf5,-4.480346232099631e-08,9.71690487024239e-10,4.25660463957582e-06,9.71690487024239e-10,-0.010525633953512,0.0002282909487982,diode-lowfield_-4.5V/data.csv
0.02,-2.1467818261098774e-06,2.097915612127298e-06,7.180009692849703e-05,6.540595894864948e-05,-2.1468176140407923e-06,2.0979005757961287e-06,1.0369805171566271e-09,4.1877239882589925e-10,21,21,-4.5,2024/01/Data_0121/JS633-W2_Wsc@v3.1_Wsc=0.9um-ENE_WFS06-302.hdf5,-4.891703824466361e-08,1.1183465093524563e-09,4.244718189836921e-06,1.1183465093524563e-09,-0.0115242134004997,0.0002634852820061,diode-lowfield_-4.5V/data.csv
0.025,-2.1460115918386724e-06,2.0919763688893904e-06,7.037522100045141e-05,6.355653980128196e-05,-2.14612934272192e-06,2.0925292803431976e-06,5.861506996141076e-10,9.252612859502184e-10,21,21,-4.5,2024/01/Data_0121/JS633-W2_Wsc@v3.1_Wsc=0.9um-ENE_WFS06-302.hdf5,-5.360006237872221e-08,1.095299543474916e-09,4.2386586230651175e-06,1.095299543474916e-09,-0.0126455247155436,0.0002584277743677,diode-lowfield_-4.5V/data.csv
0.03,-2.1317371524060108e-06,2.0763368128025748e-06,7.226817657568611e-05,6.53506971538786e-05,-2.132235068124228e-06,2.07740846768146e-06,8.00105933362736e-10,1.0067427545497486e-09,21,21,-4.5,2024/01/Data_0121/JS633-W2_Wsc@v3.1_Wsc=0.9um-ENE_WFS06-302.hdf5,-5.4826600442768073e-08,1.285962860443749e-09,4.209643535805687e-06,1.285962860443749e-09,-0.0130240482303152,0.000305506133985,diode-lowfield_-4.5V/data.csv
0.035,-2.1130433003683643e-06,2.05949470086084e-06,7.61747871854619e-05,6.925042097072555e-05,-2.1130556458166707e-06,2.058435845108616e-06,4.668605401111776e-10,1.1242166490988482e-09,23,21,-4.5,2024/01/Data_0121/JS633-W2_Wsc@v3.1_Wsc=0.9um-ENE_WFS06-302.hdf5,-5.461980070805486e-08,1.2173010465878782e-09,4.171491490925286e-06,1.2173010465878782e-09,-0.0130935903445747,0.0002918393560416,diode-lowfield_-4.5V/data.csv
0.04,-2.0904634546505017e-06,2.03850073704199e-06,7.208658410522159e-05,6.554975253907024e-05,-2.0906584200892714e-06,2.038024705981289e-06,5.540070369368469e-10,9.327631112936242e-10,21,21,-4.5,2024/01/Data_0121/JS633-W2_Wsc@v3.1_Wsc=0.9um-ENE_WFS06-302.hdf5,-5.263371410798257e-08,1.08488285946719e-09,4.12868312607056e-06,1.08488285946719e-09,-0.0127483055736651,0.0002627886374309,diode-lowfield_-4.5V/data.csv
0.045,-2.061232945353438e-06,2.0144691744428417e-06,7.601719113771461e-05,6.733474673493466e-05,-2.061181793187653e-06,2.01404282059248e-06,1.2640782155878794e-09,1.439482875717569e-09,21,21,-4.5,2024/01/Data_0121/JS633-W2_Wsc@v3.1_Wsc=0.9um-ENE_WFS06-302.hdf5,-4.713897259517306e-08,1.9157256287391366e-09,4.075224613780133e-06,1.9157256287391366e-09,-0.0115672084517195,0.0004701222554253,diode-lowfield_-4.5V/data.csv
0.05,-2.0268285039657187e-06,1.991150493605228e-06,7.570785565218051e-05,6.598890043581043e-05,-2.027180584190328e-06,1.9915044813011354e-06,7.051369464867618e-10,8.851034006031736e-10,21,21,-4.5,2024/01/Data_0121/JS633-W2_Wsc@v3.1_Wsc=0.9um-ENE_WFS06-302.hdf5,-3.567610288919259e-08,1.131647534818141e-09,4.018685065491464e-06,1.131647534818141e-09,-0.0088775562921175,0.000281607567808,diode-lowfield_-4.5V/data.csv
-0.05,-1.098470910084274e-06,1.0704039361454297e-06,0.0001444943810537,0.0001250275149115,-1.0981736431457014e-06,1.0703578424312356e-06,4.21965996111001e-10,5.483337699664307e-10,13,17,-5.0,2024/01/Data_0121/JS633-W2_Wsc@v3.1_Wsc=0.9um-ENE_WFS06-304.hdf5,-2.7815800714465844e-08,6.918997218958452e-10,2.1685314855769373e-06,6.918997218958452e-10,-0.0128270218345782,0.0003190899667119,diode-lowfield_-5.0V/data.csv
-0.045,-1.1187672895526511e-06,1.0948138720521849e-06,0.0001339639116853,0.0001147497168676,-1.1188245038966242e-06,1.0948075644418403e-06,3.9062250792476044e-10,4.4140097430409884e-10,15,19,-5.0,2024/01/Data_0121/JS633-W2_Wsc@v3.1_Wsc=0.9um-ENE_WFS06-304.hdf5,-2.4016939454783887e-08,5.894240950402666e-10,2.2136320683384643e-06,5.894240950402666e-10,-0.010849562489764,0.0002662857996554,diode-lowfield_-5.0V/data.csv
-0.04,-1.1370586594138118e-06,1.114992561081784e-06,0.0001269411308653,0.0001109432615922,-1.1361659084093465e-06,1.114081029082603e-06,1.0230760560085084e-09,9.617706803802558e-10,17,19,-5.0,2024/01/Data_0121/JS633-W2_Wsc@v3.1_Wsc=0.9um-ENE_WFS06-304.hdf5,-2.208487932674345e-08,1.4041678881163123e-09,2.250246937491949e-06,1.4041678881163123e-09,-0.0098144247899115,0.0006240361845968,diode-lowfield_-5.0V/data.csv
-0.035,-1.1583117099495932e-06,1.1374856964335804e-06,0.0001232381384616,0.0001072731372427,-1.155490856935396e-06,1.1360263293063137e-06,1.827206515291247e-09,1.8082108680239847e-09,17,18,-5.0,2024/01/Data_0121/JS633-W2_Wsc@v3.1_Wsc=0.9um-ENE_WFS06-304.hdf5,-1.9464527629082212e-08,2.57066337601072e-09,2.2915171862417096e-06,2.57066337601072e-09,-0.0084941661122802,0.0011218576616212,diode-lowfield_-5.0V/data.csv
-0.03,-1.1711796466151735e-06,1.155870146602682e-06,0.0001064489432936,9.17574047879668e-05,-1.171359150988506e-06,1.156083268117226e-06,4.6365835309320367e-10,4.5081859129926197e-10,21,23,-5.0,2024/01/Data_0121/JS633-W2_Wsc@v3.1_Wsc=0.9um-ENE_WFS06-304.hdf5,-1.5275882871279963e-08,6.466965831471145e-10,2.3274424191057323e-06,6.466965831471145e-10,-0.0065633773561407,0.0002778631629555,diode-lowfield_-5.0V/data.csv
-0.025,-1.1801116998725402e-06,1.1656568563081102e-06,9.465360313134188e-05,8.219108914805768e-05,-1.1804280558200786e-06,1.165702888616644e-06,4.6451615897640367e-10,6.626364170803523e-10,23,23,-5.0,2024/01/Data_0121/JS633-W2_Wsc@v3.1_Wsc=0.9um-ENE_WFS06-304.hdf5,-1.4725167203434621e-08,8.092356166106864e-10,2.3461309444367224e-06,8.092356166106864e-10,-0.0062763620412371,0.0003449302594848,diode-lowfield_-5.0V/data.csv
-0.02,-1.1869591892075166e-06,1.1731744420769018e-06,8.85905254525051e-05,7.636934479434401e-05,-1.1868451928074308e-06,1.1733015103503068e-06,3.0457165712313006e-10,3.1474715424565126e-10,23,23,-5.0,2024/01/Data_0121/JS633-W2_Wsc@v3.1_Wsc=0.9um-ENE_WFS06-304.hdf5,-1.3543682457124005e-08,4.3798363602818005e-10,2.3601467031577376e-06,4.3798363602818005e-10,-0.0057384917806182,0.0001855778061789,diode-lowfield_-5.0V/data.csv
-0.015,-1.1913110825792086e-06,1.178077474521443e-06,8.344167441778498e-05,6.997799581798004e-05,-1.1910813577558134e-06,1.1777991839507528e-06,6.063962100450736e-10,8.229380803351484e-10,23,21,-5.0,2024/01/Data_0121/JS633-W2_Wsc@v3.1_Wsc=0.9um-ENE_WFS06-304.hdf5,-1.3282173805060524e-08,1.022224753966919e-09,2.368880541706566e-06,1.022224753966919e-09,-0.0056069411568942,0.0004315290721022,diode-lowfield_-5.0V/data.csv
-0.01,-1.191398837351594e-06,1.1773214666808892e-06,8.177789164862683e-05,6.282715953033565e-05,-1.1914444408810278e-06,1.1771088984380543e-06,4.5265528936941315e-10,2.611743430463256e-10,23,19,-5.0,2024/01/Data_0121/JS633-W2_Wsc@v3.1_Wsc=0.9um-ENE_WFS06-304.hdf5,-1.433554244297344e-08,5.225981711217395e-10,2.3685533393190823e-06,5.225981711217395e-10,-0.0060524465313897,0.0002206442786384,diode-lowfield_-5.0V/data.csv
-0.005,-1.1977538567876772e-06,1.1831072207303225e-06,8.329203817055996e-05,6.617406098881423e-05,-1.1978308980448987e-06,1.1832823231059192e-06,3.992423923630275e-10,4.29984628677764e-10,23,21,-5.0,2024/01/Data_0121/JS633-W2_Wsc@v3.1_Wsc=0.9um-ENE_WFS06-304.hdf5,-1.4548574938979482e-08,5.867548625779832e-10,2.381113221150818e-06,5.867548625779832e-10,-0.0061099887270156,0.00024642499551,diode-lowfield_-5.0V/data.csv
0.0,-1.1979880740471011e-06,1.1831614812381347e-06,8.563392135625451e-05,6.909197995158569e-05,-1.1978161582052072e-06,1.1832938954697106e-06,4.917218780479393e-10,2.8808628606357527e-10,23,21,-5.0,2024/01/Data_0121/JS633-W2_Wsc@v3.1_Wsc=0.9um-ENE_WFS06-304.hdf5,-1.4522262735496602e-08,5.69898336169616e-10,2.381110053674918e-06,5.69898336169616e-10,-0.0060989464611614,0.0002393459027598,diode-lowfield_-5.0V/data.csv
0.005,-1.198170012198993e-06,1.1832991108345133e-06,8.345132306602409e-05,6.698512929098187e-05,-1.198403591487508e-06,1.1835910457794378e-06,7.520437712673139e-10,4.870696254626625e-10,23,21,-5.0,2024/01/Data_0121/JS633-W2_Wsc@v3.1_Wsc=0.9um-ENE_WFS06-304.hdf5,-1.4812545708070132e-08,8.959947845553023e-10,2.381994637266946e-06,8.959947845553023e-10,-0.0062185470430217,0.0003761604222676,diode-lowfield_-5.0V/data.csv
0.01,-1.2001200868872352e-06,1.185088845142508e-06,7.92660304134051e-05,6.312421769713696e-05,-1.1997712070256367e-06,1.1851491980564408e-06,4.3739528547088264e-10,4.2431330132179856e-10,23,21,-5.0,2024/01/Data_0121/JS633-W2_Wsc@v3.1_Wsc=0.9um-ENE_WFS06-304.hdf5,-1.4622008969195893e-08,6.09390198010075e-10,2.384920405082077e-06,6.09390198010075e-10,-0.0061310259822665,0.0002555228467726,diode-lowfield_-5.0V/data.csv
0.015,-1.196179652495822e-06,1.1812072664024342e-06,7.908618363598113e-05,6.238239844486843e-05,-1.1958102177404215e-06,1.1812049554967544e-06,4.93132084570363e-10,2.593395022867041e-10,23,19,-5.0,2024/01/Data_0121/JS633-W2_Wsc@v3.1_Wsc=0.9um-ENE_WFS06-304.hdf5,-1.4605262243667094e-08,5.571680449191491e-10,2.377015173237176e-06,5.571680449191491e-10,-0.0061443706410071,0.0002344026107013,diode-lowfield_-5.0V/data.csv
0.02,-1.192175208284714e-06,1.177598311665874e-06,7.982046687214605e-05,6.307303642566625e-05,-1.1920048044597172e-06,1.1777075932139966e-06,4.4169790810632656e-10,2.4711119018486806e-10,23,19,-5.0,2024/01/Data_0121/JS633-W2_Wsc@v3.1_Wsc=0.9um-ENE_WFS06-304.hdf5,-1.4297211245720617e-08,5.061234852682565e-10,2.369712397673714e-06,5.061234852682565e-10,-0.0060333107341447,0.0002135840186095,diode-lowfield_-5.0V/data.csv
0.025,-1.186041536926714e-06,1.1721353602251891e-06,7.648898661084423e-05,5.988158630999864e-05,-1.1859796038194787e-06,1.1719348878452478e-06,4.415522210333248e-10,1.28131206438799e-10,21,19,-5.0,2024/01/Data_0121/JS633-W2_Wsc@v3.1_Wsc=0.9um-ENE_WFS06-304.hdf5,-1.4044715974230922e-08,4.59767299797326e-10,2.3579144916647265e-06,4.59767299797326e-10,-0.0059564144602695,0.0001949924212108,diode-lowfield_-5.0V/data.csv
0.03,-1.1767070932080077e-06,1.163574533681716e-06,8.118758962497922e-05,6.396455753040185e-05,-1.176576218595429e-06,1.1637317615687226e-06,5.044139436572196e-10,3.3620491325479957e-10,23,21,-5.0,2024/01/Data_0121/JS633-W2_Wsc@v3.1_Wsc=0.9um-ENE_WFS06-304.hdf5,-1.2844457026706442e-08,6.061907045249839e-10,2.340307980164152e-06,6.061907045249839e-10,-0.0054883618462068,0.0002590256664795,diode-lowfield_-5.0V/data.csv
0.035,-1.1661012515666628e-06,1.1543767647791063e-06,8.23308730752239e-05,6.66260046236336e-05,-1.1654809264761517e-06,1.1545074622622311e-06,7.42162380874026e-10,3.6554471623778327e-10,23,21,-5.0,2024/01/Data_0121/JS633-W2_Wsc@v3.1_Wsc=0.9um-ENE_WFS06-304.hdf5,-1.097346421392057e-08,8.27301601082679e-10,2.319988388738383e-06,8.27301601082679e-10,-0.0047299651443031,0.0003566012914023,diode-lowfield_-5.0V/data.csv
0.04,-1.152085871407182e-06,1.143553814018886e-06,8.046614828914317e-05,6.642077620293842e-05,-1.1516816268156798e-06,1.143370795886409e-06,6.080781767849966e-10,3.836833140496369e-10,23,21,-5.0,2024/01/Data_0121/JS633-W2_Wsc@v3.1_Wsc=0.9um-ENE_WFS06-304.hdf5,-8.310830929270841e-09,7.19007617874997e-10,2.2950524227020885e-06,7.19007617874997e-10,-0.0036211943775497,0.0003132879776244,diode-lowfield_-5.0V/data.csv
0.045,-1.1347658402113174e-06,1.1310735894753884e-06,8.069932212961105e-05,6.589577066799682e-05,-1.134969759416354e-06,1.1311244995795724e-06,4.3147772988301615e-10,2.9913342328844806e-10,23,21,-5.0,2024/01/Data_0121/JS633-W2_Wsc@v3.1_Wsc=0.9um-ENE_WFS06-304.hdf5,-3.845259836781551e-09,5.250274624372202e-10,2.2660942589959264e-06,5.250274624372202e-10,-0.0016968666777724,0.0002316886052833,diode-lowfield_-5.0V/data.csv
0.05,-1.1151502706156373e-06,1.1171376659314963e-06,8.374726607999492e-05,6.764071030270169e-05,-1.1146240890237016e-06,1.1167648993217542e-06,5.276036435833843e-10,4.3059988180667255e-10,23,21,-5.0,2024/01/Data_0121/JS633-W2_Wsc@v3.1_Wsc=0.9um-ENE_WFS06-304.hdf5,2.140810298052648e-09,6.810153176943841e-10,2.231388988345456e-06,6.810153176943841e-10,0.0009594070371567,0.0003051980782712,diode-lowfield_-5.0V/data.csv
-0.05,-2.8416468755062177e-06,2.8220347202687894e-06,0.000126103963854,0.0001154548228473,-2.8415900874303776e-06,2.823617868659607e-06,1.3481612045011939e-09,1.0579345788747184e-09,17,19,-4.0,2024/01/Data_0121/JS633-W2_Wsc@v3.1_Wsc=0.9um-ENE_WFS06-300.hdf5,-1.7972218770770647e-08,1.7136989836318794e-09,5.665207956089985e-06,1.7136989836318794e-09,-0.0031723846520851,0.0003024968580583,diode-lowfield_-4.0V/data.csv
-0.045,-2.876928883823701e-06,2.86814937489699e-06,0.000115835301718,0.0001044572998788,-2.8765744843582224e-06,2.86768338568094e-06,1.0903506621756839e-09,2.073062806481879e-09,17,19,-4.0,2024/01/Data_0121/JS633-W2_Wsc@v3.1_Wsc=0.9um-ENE_WFS06-300.hdf5,-8.891098677282603e-09,2.34231807535302e-09,5.744257870039163e-06,2.34231807535302e-09,-0.0015478237360576,0.0004077673624964,diode-lowfield_-4.0V/data.csv
-0.04,-2.907750867539696e-06,2.9019533275860605e-06,0.0001079089832836,9.575612888324117e-05,-2.908083657580577e-06,2.903578558528348e-06,1.4446565558852062e-09,2.1948148070785403e-09,19,21,-4.0,2024/01/Data_0121/JS633-W2_Wsc@v3.1_Wsc=0.9um-ENE_WFS06-300.hdf5,-4.505099052229416e-09,2.6275929292478542e-09,5.811662216108925e-06,2.6275929292478542e-09,-0.0007751825355131,0.0004521243012773,diode-lowfield_-4.0V/data.csv
-0.035,-2.93764298175172e-06,2.935889412656379e-06,0.0001001971278118,8.908070990322114e-05,-2.937338757730389e-06,2.935918368888852e-06,1.630061713301927e-09,1.907230887469186e-09,21,23,-4.0,2024/01/Data_0121/JS633-W2_Wsc@v3.1_Wsc=0.9um-ENE_WFS06-300.hdf5,-1.4203888415369211e-09,2.508910290801429e-09,5.873257126619241e-06,2.508910290801429e-09,-0.000241840057555,0.0004271752981491,diode-lowfield_-4.0V/data.csv
-0.03,-2.9635155554783617e-06,2.960932390413102e-06,9.48029881263784e-05,8.323220580605857e-05,-2.964591139608253e-06,2.961849336946195e-06,2.184372519586368e-09,2.1732005015052702e-09,21,23,-4.0,2024/01/Data_0121/JS633-W2_Wsc@v3.1_Wsc=0.9um-ENE_WFS06-300.hdf5,-2.7418026620581127e-09,3.081279559544517e-09,5.926440476554449e-06,3.081279559544517e-09,-0.0004626390280818,0.0005199208363747,diode-lowfield_-4.0V/data.csv
-0.025,-2.9868664021178863e-06,2.9807560176101144e-06,8.707624191980159e-05,7.539230189111347e-05,-2.986386680721798e-06,2.980888626793804e-06,1.2414947540561443e-09,1.7125351896288255e-09,23,23,-4.0,2024/01/Data_0121/JS633-W2_Wsc@v3.1_Wsc=0.9um-ENE_WFS06-300.hdf5,-5.498053927994283e-09,2.11520353632126e-09,5.967275307515602e-06,2.11520353632126e-09,-0.0009213675663781,0.0003544673783484,diode-lowfield_-4.0V/data.csv
-0.02,-3.0038894582653265e-06,2.991690102580817e-06,8.699653629799681e-05,7.541166528395226e-05,-3.003815084301158e-06,2.9930446531616766e-06,1.741064431638582e-09,1.6258312286421911e-09,23,23,-4.0,2024/01/Data_0121/JS633-W2_Wsc@v3.1_Wsc=0.9um-ENE_WFS06-300.hdf5,-1.0770431139481296e-08,2.3821487231374024e-09,5.996859737462835e-06,2.3821487231374024e-09,-0.0017960118480339,0.0003972333303465,diode-lowfield_-4.0V/data.csv
-0.015,-3.0192588139342e-06,3.001612633135987e-06,8.748650968277944e-05,7.530149387576186e-05,-3.021202288001055e-06,3.0033845096975964e-06,2.313739580434142e-09,2.032881532454795e-09,23,23,-4.0,2024/01/Data_0121/JS633-W2_Wsc@v3.1_Wsc=0.9um-ENE_WFS06-300.hdf5,-1.781777830345884e-08,3.0799347673389638e-09,6.024586797698652e-06,3.0799347673389638e-09,-0.0029575104321287,0.000511229788967,diode-lowfield_-4.0V/data.csv
-0.01,-3.038408660920706e-06,3.0158473652624584e-06,8.198911761796169e-05,7.062553462693213e-05,-3.03825301233042e-06,3.014477922949562e-06,1.197626679607814e-09,1.5901399834204447e-09,23,21,-4.0,2024/01/Data_0121/JS633-W2_Wsc@v3.1_Wsc=0.9um-ENE_WFS06-300.hdf5,-2.377508938085804e-08,1.9906920481533074e-09,6.052730935279981e-06,1.9906920481533074e-09,-0.0039279937659674,0.000328894085448,diode-lowfield_-4.0V/data.csv
-0.005,-3.0475104195768504e-06,3.0212227080192346e-06,7.829207492935097e-05,6.733148730095245e-05,-3.0479876659956723e-06,3.0213713658325743e-06,1.5375383066592772e-09,1.337065821410308e-09,23,21,-4.0,2024/01/Data_0121/JS633-W2_Wsc@v3.1_Wsc=0.9um-ENE_WFS06-300.hdf5,-2.6616300163098028e-08,2.0375890300127504e-09,6.069359031828247e-06,2.0375890300127504e-09,-0.0043853560192303,0.0003357205615987,diode-lowfield_-4.0V/data.csv
0.0,-3.051791450886509e-06,3.021123384561872e-06,7.576819726667905e-05,6.498920650446568e-05,-3.052585954099055e-06,3.0204717721143044e-06,1.5110285938730143e-09,1.1988038897850083e-09,23,21,-4.0,2024/01/Data_0121/JS633-W2_Wsc@v3.1_Wsc=0.9um-ENE_WFS06-300.hdf5,-3.211418198475051e-08,1.9288178186820872e-09,6.073057726213359e-06,1.9288178186820872e-09,-0.0052879757500303,0.0003176068585077,diode-lowfield_-4.0V/data.csv
0.005,-3.0524673881518085e-06,3.016463172677438e-06,7.013157190939136e-05,5.9853882299685593e-05,-3.0526205334589462e-06,3.0176769667532423e-06,1.371238023262725e-09,1.1637745655207222e-09,21,19,-4.0,2024/01/Data_0121/JS633-W2_Wsc@v3.1_Wsc=0.9um-ENE_WFS06-300.hdf5,-3.494356670570395e-08,1.7985174327190742e-09,6.0702975002121885e-06,1.7985174327190742e-09,-0.0057564833856137,0.0002962865051072,diode-lowfield_-4.0V/data.csv
0.01,-3.052686870896207e-06,3.0112958911671737e-06,7.409636490745954e-05,6.410877150027418e-05,-3.052826617361442e-06,3.0122086529764026e-06,1.3396030419812102e-09,1.5173451637100402e-09,21,21,-4.0,2024/01/Data_0121/JS633-W2_Wsc@v3.1_Wsc=0.9um-ENE_WFS06-300.hdf5,-4.061796438503961e-08,2.024073283238421e-09,6.065035270337845e-06,2.024073283238421e-09,-0.0066970697736399,0.0003337356805202,diode-lowfield_-4.0V/data.csv
0.015,-3.046750399785275e-06,3.000904383331405e-06,6.927067512689949e-05,5.9425848371062e-05,-3.0458274462335443e-06,3.000738214161955e-06,1.1558193926672592e-09,1.291976553471462e-09,21,19,-4.0,2024/01/Data_0121/JS633-W2_Wsc@v3.1_Wsc=0.9um-ENE_WFS06-300.hdf5,-4.508923207158922e-08,1.7335287373406043e-09,6.046565660395499e-06,1.7335287373406043e-09,-0.0074569986673459,0.0002867043925518,diode-lowfield_-4.0V/data.csv
0.02,-3.039226494717722e-06,2.987556895067591e-06,7.355762948223965e-05,6.417677019394591e-05,-3.03944822961966e-06,2.988499109719933e-06,1.230141961622848e-09,1.8592945993313997e-09,21,19,-4.0,2024/01/Data_0121/JS633-W2_Wsc@v3.1_Wsc=0.9um-ENE_WFS06-300.hdf5,-5.094911989972708e-08,2.229400289954278e-09,6.0279473393395935e-06,2.229400289954278e-09,-0.008452150795549,0.0003698572326406,diode-lowfield_-4.0V/data.csv
0.025,-3.0282284868977214e-06,2.975231900920485e-06,7.438773234519563e-05,6.479491076395033e-05,-3.0290417723977595e-06,2.9743910868223846e-06,1.552798060615924e-09,1.364582194243481e-09,23,21,-4.0,2024/01/Data_0121/JS633-W2_Wsc@v3.1_Wsc=0.9um-ENE_WFS06-300.hdf5,-5.4650685575374896e-08,2.067188037382891e-09,6.003432859220144e-06,2.067188037382891e-09,-0.0091032392394364,0.0003443485980358,diode-lowfield_-4.0V/data.csv
0.03,-3.011481607394479e-06,2.951300989932311e-06,7.61282680915963e-05,6.580166207904456e-05,-3.010607045053569e-06,2.952451734690974e-06,1.6028020167354087e-09,9.771132124528951e-10,23,21,-4.0,2024/01/Data_0121/JS633-W2_Wsc@v3.1_Wsc=0.9um-ENE_WFS06-300.hdf5,-5.8155310362594926e-08,1.877158633360833e-09,5.963058779744543e-06,1.877158633360833e-09,-0.009752597200641,0.0003148129126032,diode-lowfield_-4.0V/data.csv
0.035,-2.982393460833972e-06,2.9221508530834803e-06,7.543682779218807e-05,6.500546604272572e-05,-2.9833335716153523e-06,2.92332188853288e-06,1.312404529718478e-09,1.450855643273543e-09,21,21,-4.0,2024/01/Data_0121/JS633-W2_Wsc@v3.1_Wsc=0.9um-ENE_WFS06-300.hdf5,-6.001168308247219e-08,1.956371065837017e-09,5.906655460148232e-06,1.956371065837017e-09,-0.0101600107687618,0.00033123178598,diode-lowfield_-4.0V/data.csv
0.04,-2.9484970239581845e-06,2.8915499391108933e-06,7.666963225589034e-05,6.633222645779337e-05,-2.948972743577164e-06,2.8919896045521143e-06,1.6431987836939527e-09,1.664664683239607e-09,23,21,-4.0,2024/01/Data_0121/JS633-W2_Wsc@v3.1_Wsc=0.9um-ENE_WFS06-300.hdf5,-5.6983139025049705e-08,2.339061938119319e-09,5.840962348129278e-06,2.339061938119319e-09,-0.0097557792070513,0.0004004773710956,diode-lowfield_-4.0V/data.csv
0.045,-2.9063689051978423e-06,2.8564140956848387e-06,7.56506610951342e-05,6.549731388535563e-05,-2.9070971989088192e-06,2.856778665661637e-06,1.5254441407151507e-09,1.4696967977877024e-09,23,21,-4.0,2024/01/Data_0121/JS633-W2_Wsc@v3.1_Wsc=0.9um-ENE_WFS06-300.hdf5,-5.03185332471824e-08,2.118251284401737e-09,5.763875864570456e-06,2.118251284401737e-09,-0.0087299821213155,0.0003675186716964,diode-lowfield_-4.0V/data.csv
0.05,-2.8520523200240325e-06,2.8188330824120167e-06,7.600573186861716e-05,6.601234125097023e-05,-2.8522854296722026e-06,2.818636027207953e-06,1.720445980978318e-09,1.583297859098445e-09,23,21,-4.0,2024/01/Data_0121/JS633-W2_Wsc@v3.1_Wsc=0.9um-ENE_WFS06-300.hdf5,-3.3649402464249694e-08,2.3381117347317187e-09,5.6709214568801554e-06,2.3381117347317187e-09,-0.0059336745747774,0.000412305639012,diode-lowfield_-4.0V/data.csv
-0.05,-3.969931417481129e-06,3.755958342423896e-06,0.0001189146006123,0.0001282252754892,-3.96808141109858e-06,3.7530886427196335e-06,3.194891621338074e-09,1.956035948527965e-09,17,15,0.0,2024/01/Data_0120/JS633-W2_Wsc@v3.1_Wsc=0.9um-ENE_WFS06-290.hdf5,-2.1499276837894653e-07,3.746119205795502e-09,7.721170053818213e-06,3.746119205795502e-09,-0.0278445840307104,0.0004853631147197,diode-lowfield_0.0V/data.csv
-0.045,-4.00032152992634e-06,3.81892108438302e-06,0.000109283148126,0.0001182597558042,-4.002081200076505e-06,3.8157504184834935e-06,3.3999098110782046e-09,2.467772032773062e-09,19,17,0.0,2024/01/Data_0120/JS633-W2_Wsc@v3.1_Wsc=0.9um-ENE_WFS06-290.hdf5,-1.863307815930112e-07,4.201105274710778e-09,7.817831618559999e-06,4.201105274710778e-09,-0.0238340745470458,0.0005375273550002,diode-lowfield_0.0V/data.csv
-0.04,-4.030615318462747e-06,3.869393516766739e-06,0.0001018053724712,0.0001105476428612,-4.032977135070509e-06,3.870430220368895e-06,2.918226850333557e-09,2.2329578772711276e-09,21,19,0.0,2024/01/Data_0120/JS633-W2_Wsc@v3.1_Wsc=0.9um-ENE_WFS06-290.hdf5,-1.6254691470161376e-07,3.674527021492003e-09,7.903407355439404e-06,3.674527021492003e-09,-0.0205666881879425,0.0004650277931625,diode-lowfield_0.0V/data.csv
-0.035,-4.060573466402234e-06,3.9194987925388885e-06,9.498769534103654e-05,0.0001041037247774,-4.059957048362722e-06,3.9184371612042925e-06,2.996090174401669e-09,2.1587245390404355e-09,21,21,0.0,2024/01/Data_0120/JS633-W2_Wsc@v3.1_Wsc=0.9um-ENE_WFS06-290.hdf5,-1.4151988715842912e-07,3.6927832279463085e-09,7.978394209567015e-06,3.6927832279463085e-09,-0.0177378910393686,0.0004629207357481,diode-lowfield_0.0V/data.csv
-0.03,-4.080696678700153e-06,3.959849191009128e-06,8.736004744090035e-05,9.63469071133196e-05,-4.0844166503087785e-06,3.962676201591922e-06,3.336991546354781e-09,2.552486390905946e-09,23,21,0.0,2024/01/Data_0120/JS633-W2_Wsc@v3.1_Wsc=0.9um-ENE_WFS06-290.hdf5,-1.2174044871685694e-07,4.201273539797586e-09,8.047092851900701e-06,4.201273539797586e-09,-0.0151285005600627,0.0005221456202346,diode-lowfield_0.0V/data.csv
-0.025,-4.1008330357742816e-06,4.000003025747615e-06,8.53057466006317e-05,9.346591345859098e-05,-4.10203710827962e-06,3.999784836748735e-06,2.4345928510544684e-09,3.220384086519136e-09,23,23,0.0,2024/01/Data_0120/JS633-W2_Wsc@v3.1_Wsc=0.9um-ENE_WFS06-290.hdf5,-1.0225227153088557e-07,4.037092520008827e-09,8.101821945028356e-06,4.037092520008827e-09,-0.0126208983886188,0.0004983340862008,diode-lowfield_0.0V/data.csv
-0.02,-4.115791172438665e-06,4.030338317653123e-06,8.135617873712692e-05,8.974891198464773e-05,-4.11584320114317e-06,4.032108870421156e-06,2.795584301281127e-09,2.6621767293618423e-09,23,23,0.0,2024/01/Data_0120/JS633-W2_Wsc@v3.1_Wsc=0.9um-ENE_WFS06-290.hdf5,-8.37343307220138e-08,3.86037258874389e-09,8.147952071564326e-06,3.86037258874389e-09,-0.0102767333418957,0.0004738094184695,diode-lowfield_0.0V/data.csv
-0.015,-4.1209263194370725e-06,4.059914713221031e-06,7.67262761540271e-05,8.531877298343855e-05,-4.123731798169112e-06,4.060115103391868e-06,3.293615249258534e-09,2.826293230082645e-09,23,23,0.0,2024/01/Data_0120/JS633-W2_Wsc@v3.1_Wsc=0.9um-ENE_WFS06-290.hdf5,-6.361669477724453e-08,4.340027054357997e-09,8.18384690156098e-06,4.340027054357997e-09,-0.0077734463440549,0.0005303322790413,diode-lowfield_0.0V/data.csv
-0.01,-4.121036611606127e-06,4.080465354358349e-06,7.568273965427787e-05,8.430706015887815e-05,-4.126474240868358e-06,4.080234388843569e-06,4.219605670892024e-09,2.4190063532362664e-09,23,23,0.0,2024/01/Data_0120/JS633-W2_Wsc@v3.1_Wsc=0.9um-ENE_WFS06-290.hdf5,-4.623985202478908e-08,4.86381164878139e-09,8.206708629711926e-06,4.86381164878139e-09,-0.0056343967004482,0.0005926722967692,diode-lowfield_0.0V/data.csv
-0.005,-4.124136269585293e-06,4.101009896318725e-06,6.786666760331205e-05,7.687192432477876e-05,-4.127205621263853e-06,4.101654624791806e-06,2.0872366834627307e-09,2.790747284244653e-09,21,23,0.0,2024/01/Data_0120/JS633-W2_Wsc@v3.1_Wsc=0.9um-ENE_WFS06-290.hdf5,-2.5550996472047147e-08,3.484942951801565e-09,8.22886024605566e-06,3.484942951801565e-09,-0.0031050468361392,0.000423504549509,diode-lowfield_0.0V/data.csv
0.0,-4.120947141483118e-06,4.111450569651733e-06,7.202663714811632e-05,8.172181967222013e-05,-4.118074999619086e-06,4.116699329062316e-06,2.771915727193158e-09,3.081711933664778e-09,21,23,0.0,2024/01/Data_0120/JS633-W2_Wsc@v3.1_Wsc=0.9um-ENE_WFS06-290.hdf5,-1.3756705567705776e-09,4.144932477224771e-09,8.234774328681401e-06,4.144932477224771e-09,-0.0001670562545933,0.0005033450061437,diode-lowfield_0.0V/data.csv
0.005,-4.101164016354638e-06,4.130649220397936e-06,7.260798012785945e-05,8.213211584725034e-05,-4.107324128560913e-06,4.127824708945409e-06,4.2081120332648695e-09,4.006882880812693e-09,23,23,0.0,2024/01/Data_0120/JS633-W2_Wsc@v3.1_Wsc=0.9um-ENE_WFS06-290.hdf5,2.050058038449625e-08,5.810621077394259e-09,8.235148837506322e-06,5.810621077394259e-09,0.0024894001054514,0.0007055900502295,diode-lowfield_0.0V/data.csv
0.01,-4.090880541101102e-06,4.131414620400347e-06,7.137028771368061e-05,8.093032710119701e-05,-4.090607464987386e-06,4.136387251899092e-06,3.1984265515116e-09,3.342856972236722e-09,21,23,0.0,2024/01/Data_0120/JS633-W2_Wsc@v3.1_Wsc=0.9um-ENE_WFS06-290.hdf5,4.5779786911706244e-08,4.626513281321698e-09,8.226994716886478e-06,4.626513281321698e-09,0.005564582023827,0.0005623663401989,diode-lowfield_0.0V/data.csv
0.015,-4.063916829843497e-06,4.130930835749871e-06,6.990054617632517e-05,7.982184368571857e-05,-4.064737504398072e-06,4.132635312888549e-06,2.7320923394692403e-09,1.8919435624437927e-09,21,23,0.0,2024/01/Data_0120/JS633-W2_Wsc@v3.1_Wsc=0.9um-ENE_WFS06-290.hdf5,6.789780849047646e-08,3.323218168411309e-09,8.197372817286621e-06,3.323218168411309e-09,0.0082828742822692,0.0004054143000317,diode-lowfield_0.0V/data.csv
0.02,-4.040314246833846e-06,4.125033122935026e-06,7.035900491653674e-05,7.975122471257676e-05,-4.041689198241843e-06,4.126265610627289e-06,2.606263964508913e-09,2.7748518809027637e-09,21,23,0.0,2024/01/Data_0120/JS633-W2_Wsc@v3.1_Wsc=0.9um-ENE_WFS06-290.hdf5,8.457641238544614e-08,3.806890438881493e-09,8.167954808869132e-06,3.806890438881493e-09,0.0103546621356926,0.0004661013201032,diode-lowfield_0.0V/data.csv
0.025,-4.010138966422913e-06,4.111347525220915e-06,7.121087588384605e-05,8.084147810636485e-05,-4.010902725063768e-06,4.114278678122675e-06,3.402949255011969e-09,2.755512731893526e-09,21,23,0.0,2024/01/Data_0120/JS633-W2_Wsc@v3.1_Wsc=0.9um-ENE_WFS06-290.hdf5,1.0337595305890697e-07,4.3786886219293834e-09,8.125181403186442e-06,4.3786886219293834e-09,0.0127229101639953,0.0005389471058927,diode-lowfield_0.0V/data.csv
0.03,-3.96988012433859e-06,4.093149626630395e-06,6.78624628595481e-05,7.80796470430691e-05,-3.969644349747457e-06,4.095330353856602e-06,2.861267094997482e-09,2.784995214671705e-09,21,23,0.0,2024/01/Data_0120/JS633-W2_Wsc@v3.1_Wsc=0.9um-ENE_WFS06-290.hdf5,1.256860041091444e-07,3.992874620453242e-09,8.064974703604059e-06,3.992874620453242e-09,0.015584178342553,0.0004951484171678,diode-lowfield_0.0V/data.csv
0.035,-3.921228663636825e-06,4.070493688255153e-06,7.237620878897763e-05,8.268166154009995e-05,-3.923292032178548e-06,4.0710939867960906e-06,2.280941701125934e-09,3.921893764805474e-09,21,23,0.0,2024/01/Data_0120/JS633-W2_Wsc@v3.1_Wsc=0.9um-ENE_WFS06-290.hdf5,1.478019546175427e-07,4.5369533551002405e-09,7.994386018974638e-06,4.5369533551002405e-09,0.0184882183905975,0.0005676144078688,diode-lowfield_0.0V/data.csv
0.04,-3.869340851084038e-06,4.040399167372501e-06,7.110150728091105e-05,8.09573428507697e-05,-3.871217417621473e-06,4.040067610976079e-06,2.6573351949453507e-09,3.428927395880966e-09,21,23,0.0,2024/01/Data_0120/JS633-W2_Wsc@v3.1_Wsc=0.9um-ENE_WFS06-290.hdf5,1.6885019335460636e-07,4.338084073011756e-09,7.911285028597552e-06,4.338084073011756e-09,0.0213429541148182,0.0005484661455791,diode-lowfield_0.0V/data.csv
0.045,-3.808951665586268e-06,4.008198868811945e-06,6.908895430092966e-05,7.960277962716052e-05,-3.807887208188096e-06,4.003720423785361e-06,2.320333907821148e-09,3.211766999306069e-09,21,23,0.0,2024/01/Data_0120/JS633-W2_Wsc@v3.1_Wsc=0.9um-ENE_WFS06-290.hdf5,1.958332155972648e-07,3.962246421112154e-09,7.811607631973458e-06,3.962246421112154e-09,0.0250695151143671,0.0005073848444206,diode-lowfield_0.0V/data.csv
0.05,-3.738482624923928e-06,3.960733920517955e-06,7.113648718254735e-05,8.193654266781845e-05,-3.734958811312627e-06,3.962742545522738e-06,2.1122530451104367e-09,2.894356893014322e-09,21,23,0.0,2024/01/Data_0120/JS633-W2_Wsc@v3.1_Wsc=0.9um-ENE_WFS06-290.hdf5,2.2778373421011058e-07,3.583143138463468e-09,7.697701356835365e-06,3.583143138463468e-09,0.0295911368408498,0.0004656859746144,diode-lowfield_0.0V/data.csv
-0.05,-3.842465850928284e-06,3.7237878877009774e-06,0.0001222443008875,0.0001242659700586,-3.843486193829838e-06,3.727673229462615e-06,3.138962962683383e-09,1.976138945528873e-09,17,17,-2.0,2024/01/Data_0120/JS633-W2_Wsc@v3.1_Wsc=0.9um-ENE_WFS06-294.hdf5,-1.1581296436722292e-07,3.7092066015704764e-09,7.571159423292453e-06,3.7092066015704764e-09,-0.0152965956589063,0.0004899699398331,diode-lowfield_-2.0V/data.csv
-0.045,-3.8748817358918455e-06,3.782682360117532e-06,0.0001118706454818,0.0001141955789702,-3.878130782846605e-06,3.785318505932632e-06,2.800700364090478e-09,2.436209503706015e-09,19,19,-2.0,2024/01/Data_0120/JS633-W2_Wsc@v3.1_Wsc=0.9um-ENE_WFS06-294.hdf5,-9.281227691397252e-08,3.7120128334050835e-09,7.663449288779237e-06,3.7120128334050835e-09,-0.012111031653836,0.0004844143827603,diode-lowfield_-2.0V/data.csv
-0.04,-3.912388731109259e-06,3.83262634771417e-06,0.0001043093121866,0.0001063750039934,-3.912566875819165e-06,3.834917403348617e-06,3.324177299712506e-09,2.2593325109469474e-09,19,19,-2.0,2024/01/Data_0120/JS633-W2_Wsc@v3.1_Wsc=0.9um-ENE_WFS06-294.hdf5,-7.764947247054861e-08,4.019295723748847e-09,7.747484279167781e-06,4.019295723748847e-09,-0.0100225401785377,0.0005188132619063,diode-lowfield_-2.0V/data.csv
-0.035,-3.942547264561886e-06,3.882346935840972e-06,9.751680199445889e-05,9.963969150297998e-05,-3.9444737531467e-06,3.8828530719337965e-06,2.577338852545685e-09,2.503062608740881e-09,21,21,-2.0,2024/01/Data_0120/JS633-W2_Wsc@v3.1_Wsc=0.9um-ENE_WFS06-294.hdf5,-6.162068121290377e-08,3.592770238147468e-09,7.827326825080496e-06,3.592770238147468e-09,-0.0078725064878417,0.0004590177017162,diode-lowfield_-2.0V/data.csv
-0.03,-3.972358969711424e-06,3.922143456331377e-06,9.165798518318352e-05,9.36272844310354e-05,-3.971563490632799e-06,3.920853055375174e-06,1.9083599111015622e-09,1.935991022285368e-09,23,23,-2.0,2024/01/Data_0120/JS633-W2_Wsc@v3.1_Wsc=0.9um-ENE_WFS06-294.hdf5,-5.071043525762512e-08,2.718436828154943e-09,7.892416546007975e-06,2.718436828154943e-09,-0.0064252101953836,0.0003444436725793,diode-lowfield_-2.0V/data.csv
-0.025,-3.992485605808652e-06,3.952279162866282e-06,8.443291912172809e-05,8.62038780456516e-05,-3.992491671902109e-06,3.952973384281339e-06,2.609254337304828e-09,2.3494653238191247e-09,23,23,-2.0,2024/01/Data_0120/JS633-W2_Wsc@v3.1_Wsc=0.9um-ENE_WFS06-294.hdf5,-3.951828762077028e-08,3.5111530163996782e-09,7.945465056183448e-06,3.5111530163996782e-09,-0.0049736909471416,0.0004419120114499,diode-lowfield_-2.0V/data.csv
-0.02,-4.012390113345454e-06,3.982027316088012e-06,8.216559098586333e-05,8.417968304114464e-05,-4.013444577938279e-06,3.980632898513018e-06,2.3780126709797887e-09,2.110759615518102e-09,23,23,-2.0,2024/01/Data_0120/JS633-W2_Wsc@v3.1_Wsc=0.9um-ENE_WFS06-294.hdf5,-3.281167942526098e-08,3.1796619974208823e-09,7.994077476451299e-06,3.1796619974208823e-09,-0.0041044985518237,0.0003977555622161,diode-lowfield_-2.0V/data.csv
-0.015,-4.022163588850868e-06,3.994575165236823e-06,7.80665932352257e-05,8.023835836691564e-05,-4.022142065690088e-06,3.9969941643125e-06,2.718594086258888e-09,2.7592588569203683e-09,23,23,-2.0,2024/01/Data_0120/JS633-W2_Wsc@v3.1_Wsc=0.9um-ENE_WFS06-294.hdf5,-2.5147901377588653e-08,3.873533689712186e-09,8.019136230002589e-06,3.873533689712186e-09,-0.0031359863028016,0.0004830386497403,diode-lowfield_-2.0V/data.csv
-0.01,-4.022400770360589e-06,4.012208234026426e-06,8.063512418638316e-05,8.319248003927783e-05,-4.026641315548403e-06,4.013015743236103e-06,3.3291542215438404e-09,2.59662025794197e-09,23,23,-2.0,2024/01/Data_0120/JS633-W2_Wsc@v3.1_Wsc=0.9um-ENE_WFS06-294.hdf5,-1.362557231229954e-08,4.222049809604074e-09,8.039657058784506e-06,4.222049809604074e-09,-0.0016947952148545,0.0005251537276143,diode-lowfield_-2.0V/data.csv
-0.005,-4.032539976105644e-06,4.030713947201861e-06,7.046809684656712e-05,7.306752750059278e-05,-4.030869363086218e-06,4.02746828296137e-06,2.997167801120657e-09,2.686411060937936e-09,21,21,-2.0,2024/01/Data_0120/JS633-W2_Wsc@v3.1_Wsc=0.9um-ENE_WFS06-294.hdf5,-3.401080124848782e-09,4.024899901414211e-09,8.058337646047589e-06,4.024899901414211e-09,-0.0004220572870282,0.0004994702923463,diode-lowfield_-2.0V/data.csv
0.0,-4.022826153392084e-06,4.03303372537855e-06,7.247048891184976e-05,7.492904349662896e-05,-4.0261474031272e-06,4.036846790556334e-06,3.60416031964935e-09,4.097367680009113e-09,23,23,-2.0,2024/01/Data_0120/JS633-W2_Wsc@v3.1_Wsc=0.9um-ENE_WFS06-294.hdf5,1.0699387429134165e-08,5.4569582658215535e-09,8.062994193683534e-06,5.4569582658215535e-09,0.0013269744678119,0.0006767911447297,diode-lowfield_-2.0V/data.csv
0.005,-4.013263475901752e-06,4.042548978228673e-06,7.343477605398482e-05,7.635629192625278e-05,-4.016561829318467e-06,4.043174218658331e-06,2.796593877882612e-09,2.816876510348765e-09,21,23,-2.0,2024/01/Data_0120/JS633-W2_Wsc@v3.1_Wsc=0.9um-ENE_WFS06-294.hdf5,2.6612389339864173e-08,3.969348887710067e-09,8.059736047976798e-06,3.969348887710067e-09,0.0033018934095918,0.0004924938610813,diode-lowfield_-2.0V/data.csv
0.01,-4.003849715582434e-06,4.042723044762806e-06,7.256576339656983e-05,7.565995316165086e-05,-4.006369015371289e-06,4.044644871802149e-06,1.851825272676069e-09,3.785668991945891e-09,21,23,-2.0,2024/01/Data_0120/JS633-W2_Wsc@v3.1_Wsc=0.9um-ENE_WFS06-294.hdf5,3.827585643086004e-08,4.214326346772686e-09,8.051013887173437e-06,4.214326346772686e-09,0.0047541659929117,0.0005234587881556,diode-lowfield_-2.0V/data.csv
0.015,-3.985992743506367e-06,4.036842056758346e-06,6.789606082793475e-05,7.069797254336709e-05,-3.987543308151797e-06,4.036534167183598e-06,2.461673977206529e-09,2.4553519417277393e-09,21,21,-2.0,2024/01/Data_0120/JS633-W2_Wsc@v3.1_Wsc=0.9um-ENE_WFS06-294.hdf5,4.8990859031800856e-08,3.476865244412269e-09,8.024077475335395e-06,3.476865244412269e-09,0.0061054818055271,0.0004333121231554,diode-lowfield_-2.0V/data.csv
0.02,-3.971889255101101e-06,4.027362543962652e-06,7.098062415625479e-05,7.409327992843889e-05,-3.968997268243371e-06,4.028888625140733e-06,2.822492314548366e-09,2.52176703803015e-09,21,21,-2.0,2024/01/Data_0120/JS633-W2_Wsc@v3.1_Wsc=0.9um-ENE_WFS06-294.hdf5,5.989135689736241e-08,3.784940139523999e-09,7.997885893384104e-06,3.784940139523999e-09,0.0074883985212773,0.0004732558467146,diode-lowfield_-2.0V/data.csv
0.025,-3.950288743409705e-06,4.014102137028808e-06,7.038347813577583e-05,7.351748507520134e-05,-3.9479613898097455e-06,4.018047377958945e-06,2.787395206485724e-09,2.2084758022689772e-09,21,21,-2.0,2024/01/Data_0120/JS633-W2_Wsc@v3.1_Wsc=0.9um-ENE_WFS06-294.hdf5,7.008598814919975e-08,3.556253282085964e-09,7.966008767768691e-06,3.556253282085964e-09,0.0087981309326164,0.0004464457701142,diode-lowfield_-2.0V/data.csv
0.03,-3.912387794358879e-06,3.992497732254181e-06,7.176720581400032e-05,7.469061061708324e-05,-3.915589738731066e-06,3.994057888092052e-06,3.156657354050637e-09,3.2367014914767478e-09,21,21,-2.0,2024/01/Data_0120/JS633-W2_Wsc@v3.1_Wsc=0.9um-ENE_WFS06-294.hdf5,7.846814936098655e-08,4.521141691631636e-09,7.909647626823119e-06,4.521141691631636e-09,0.0099205619596612,0.0005716264970728,diode-lowfield_-2.0V/data.csv
0.035,-3.872505651706366e-06,3.96303271444234e-06,7.374482404616125e-05,7.663658927503423e-05,-3.873949686031061e-06,3.9647301940241645e-06,2.522485786795714e-09,2.8733776025369223e-09,21,23,-2.0,2024/01/Data_0120/JS633-W2_Wsc@v3.1_Wsc=0.9um-ENE_WFS06-294.hdf5,9.078050799310352e-08,3.823510610858459e-09,7.838679880055226e-06,3.823510610858459e-09,0.0115810964833614,0.0004878075222902,diode-lowfield_-2.0V/data.csv
0.04,-3.823031952622653e-06,3.932363979063321e-06,7.266589824638161e-05,7.55382580091885e-05,-3.824931415143939e-06,3.931233717119891e-06,1.595214824818998e-09,2.87421877064291e-09,21,21,-2.0,2024/01/Data_0120/JS633-W2_Wsc@v3.1_Wsc=0.9um-ENE_WFS06-294.hdf5,1.0630230197595128e-07,3.287224342638991e-09,7.75616513226383e-06,3.287224342638991e-09,0.0137055233047783,0.0004238606335013,diode-lowfield_-2.0V/data.csv
0.045,-3.7658987065622905e-06,3.892430592719223e-06,7.31477920480381e-05,7.594097594312998e-05,-3.769540448964536e-06,3.892548161190484e-06,2.947147923453981e-09,2.9868942991668363e-09,21,21,-2.0,2024/01/Data_0120/JS633-W2_Wsc@v3.1_Wsc=0.9um-ENE_WFS06-294.hdf5,1.230077122259481e-07,4.196095618204435e-09,7.66208861015502e-06,4.196095618204435e-09,0.0160540706959351,0.0005477144070549,diode-lowfield_-2.0V/data.csv
0.05,-3.702363339460166e-06,3.844076329631387e-06,7.391980411282176e-05,7.684600164735504e-05,-3.699972695056131e-06,3.846146117533073e-06,1.971595333355162e-09,3.005231440058905e-09,21,23,-2.0,2024/01/Data_0120/JS633-W2_Wsc@v3.1_Wsc=0.9um-ENE_WFS06-294.hdf5,1.4617342247694214e-07,3.5942459802893804e-09,7.546118812589204e-06,3.5942459802893804e-09,0.0193706759868504,0.0004763932729347,diode-lowfield_-2.0V/data.csv
-0.05,-3.67044758367634e-06,3.618837931541135e-06,0.0001124415555688,0.0001199772395622,-3.672406479804733e-06,3.621302491018389e-06,2.053264282186821e-09,2.312534890443078e-09,19,17,-3.0,2024/01/Data_0120/JS633-W2_Wsc@v3.1_Wsc=0.9um-ENE_WFS06-296.hdf5,-5.11039887863442e-08,3.092525154630232e-09,7.293708970823122e-06,3.092525154630232e-09,-0.0070065845773082,0.0004240093861084,diode-lowfield_-3.0V/data.csv
-0.045,-3.709645551068188e-06,3.672758416969721e-06,0.0001019866947229,0.0001091809126411,-3.711488663878262e-06,3.6727640988743017e-06,2.635404313725476e-09,1.8652712269457923e-09,21,19,-3.0,2024/01/Data_0120/JS633-W2_Wsc@v3.1_Wsc=0.9um-ENE_WFS06-296.hdf5,-3.87245650039601e-08,3.228713775929156e-09,7.3842527627525635e-06,3.228713775929156e-09,-0.0052442090280675,0.0004372491404296,diode-lowfield_-3.0V/data.csv
-0.04,-3.749704407993143e-06,3.719321184542388e-06,9.449263599532508e-05,0.0001013956700701,-3.7462472453498674e-06,3.718550341230672e-06,3.024943578542732e-09,2.3349227528791557e-09,21,21,-3.0,2024/01/Data_0120/JS633-W2_Wsc@v3.1_Wsc=0.9um-ENE_WFS06-296.hdf5,-2.7696904119195286e-08,3.821275692132103e-09,7.46479758658054e-06,3.821275692132103e-09,-0.0037103355848504,0.0005119096600662,diode-lowfield_-3.0V/data.csv
-0.035,-3.7800433449821448e-06,3.7596065095884615e-06,8.744327168242301e-05,9.448405369921495e-05,-3.779042502044648e-06,3.757134665402717e-06,2.5750167939128406e-09,3.2631520519377373e-09,23,23,-3.0,2024/01/Data_0120/JS633-W2_Wsc@v3.1_Wsc=0.9um-ENE_WFS06-296.hdf5,-2.1907836641930908e-08,4.156786355226671e-09,7.536177167447363e-06,4.156786355226671e-09,-0.0029070225069232,0.0005515799093986,diode-lowfield_-3.0V/data.csv
-0.03,-3.810192277486221e-06,3.789965815782554e-06,8.175436847621297e-05,8.905050660958756e-05,-3.8088381073963743e-06,3.79288805657993e-06,2.5886039578391203e-09,2.472957223249837e-09,23,23,-3.0,2024/01/Data_0120/JS633-W2_Wsc@v3.1_Wsc=0.9um-ENE_WFS06-296.hdf5,-1.595005081644426e-08,3.579998307061597e-09,7.601726163976304e-06,3.579998307061597e-09,-0.0020982143361108,0.000470946481142,diode-lowfield_-3.0V/data.csv
-0.025,-3.830565209392523e-06,3.820075336989331e-06,7.747646540306625e-05,8.436862348254934e-05,-3.8336116719950576e-06,3.8189397543037485e-06,2.4130299505958764e-09,3.203812210470367e-09,23,23,-3.0,2024/01/Data_0120/JS633-W2_Wsc@v3.1_Wsc=0.9um-ENE_WFS06-296.hdf5,-1.467191769130904e-08,4.0108759919039835e-09,7.652551426298805e-06,4.0108759919039835e-09,-0.0019172582938662,0.0005241236732969,diode-lowfield_-3.0V/data.csv
-0.02,-3.851209977558804e-06,3.840291944261716e-06,7.74951708923742e-05,8.493156252568089e-05,-3.852851768005041e-06,3.838728537403738e-06,1.8346666636246157e-09,3.176272323818414e-09,23,23,-3.0,2024/01/Data_0120/JS633-W2_Wsc@v3.1_Wsc=0.9um-ENE_WFS06-296.hdf5,-1.4123230601302961e-08,3.6680659265708814e-09,7.69158030540878e-06,3.6680659265708814e-09,-0.0018361936091821,0.0004768944696091,diode-lowfield_-3.0V/data.csv
-0.015,-3.867307584855226e-06,3.850792292768516e-06,7.612833121076331e-05,8.343570666320842e-05,-3.867925987605328e-06,3.855741571203091e-06,2.479999460476769e-09,2.598567558949822e-09,23,23,-3.0,2024/01/Data_0120/JS633-W2_Wsc@v3.1_Wsc=0.9um-ENE_WFS06-296.hdf5,-1.2184416402237178e-08,3.5920677446829286e-09,7.72366755880842e-06,3.5920677446829286e-09,-0.0015775428330471,0.0004650733847636,diode-lowfield_-3.0V/data.csv
-0.01,-3.874713144739984e-06,3.863249789700842e-06,7.21489926782483e-05,7.981787321619824e-05,-3.876789510501579e-06,3.866193288881208e-06,2.395084218462548e-09,2.6076033697675563e-09,21,23,-3.0,2024/01/Data_0120/JS633-W2_Wsc@v3.1_Wsc=0.9um-ENE_WFS06-296.hdf5,-1.0596221620371277e-08,3.540624767968426e-09,7.742982799382788e-06,3.540624767968426e-09,-0.001368493498554,0.0004572692688462,diode-lowfield_-3.0V/data.csv
-0.005,-3.891113915989768e-06,3.881041754687426e-06,6.950203701715816e-05,7.676983155287271e-05,-3.887006638874556e-06,3.878126006469839e-06,3.408639501825938e-09,3.108150853043669e-09,21,23,-3.0,2024/01/Data_0120/JS633-W2_Wsc@v3.1_Wsc=0.9um-ENE_WFS06-296.hdf5,-8.880632404717504e-09,4.612962711607831e-09,7.765132645344396e-06,4.612962711607831e-09,-0.0011436549522488,0.0005940614203322,diode-lowfield_-3.0V/data.csv
0.0,-3.8857943897110045e-06,3.881150422399801e-06,7.020711108290976e-05,7.711319555487644e-05,-3.885083810036294e-06,3.883577454026726e-06,2.6727157422557504e-09,3.274895865175796e-09,21,23,-3.0,2024/01/Data_0120/JS633-W2_Wsc@v3.1_Wsc=0.9um-ENE_WFS06-296.hdf5,-1.506356009568595e-09,4.227097392614373e-09,7.76866126406302e-06,4.227097392614373e-09,-0.0001939016206739,0.0005441217384047,diode-lowfield_-3.0V/data.csv
0.005,-3.881436909155956e-06,3.881426757604759e-06,7.656931023761857e-05,8.394201370142903e-05,-3.884915535487484e-06,3.886426867937637e-06,2.721766235330721e-09,3.0161792618683593e-09,23,23,-3.0,2024/01/Data_0120/JS633-W2_Wsc@v3.1_Wsc=0.9um-ENE_WFS06-296.hdf5,1.5113324501521983e-09,4.062677538214315e-09,7.771342403425121e-06,4.062677538214315e-09,0.0001944750818708,0.0005227768130831,diode-lowfield_-3.0V/data.csv
0.01,-3.882067702596013e-06,3.881871451749456e-06,6.787187038038848e-05,7.488921091646702e-05,-3.883976295696773e-06,3.885138759804693e-06,2.380848047453389e-09,3.299436379859172e-09,21,23,-3.0,2024/01/Data_0120/JS633-W2_Wsc@v3.1_Wsc=0.9um-ENE_WFS06-296.hdf5,1.1624641079199212e-09,4.068748929314859e-09,7.769115055501465e-06,4.068748929314859e-09,0.00014962632161,0.0005237081631297,diode-lowfield_-3.0V/data.csv
0.015,-3.870700146751176e-06,3.870844411002669e-06,6.817600061984653e-05,7.550724169200528e-05,-3.8716877056989685e-06,3.872639226001674e-06,2.651547720810648e-09,3.049655967833873e-09,21,23,-3.0,2024/01/Data_0120/JS633-W2_Wsc@v3.1_Wsc=0.9um-ENE_WFS06-296.hdf5,9.51520302705832e-10,4.0411764175646794e-09,7.744326931700644e-06,4.0411764175646794e-09,0.0001228667527982,0.0005218241021728,diode-lowfield_-3.0V/data.csv
0.02,-3.851348936316703e-06,3.8604785092199766e-06,6.585994024613505e-05,7.351884773472733e-05,-3.856051631405647e-06,3.859407173569831e-06,2.589446278783094e-09,3.183721606233176e-09,21,21,-3.0,2024/01/Data_0120/JS633-W2_Wsc@v3.1_Wsc=0.9um-ENE_WFS06-296.hdf5,3.355542164183493e-09,4.103817161704402e-09,7.715458804975477e-06,4.103817161704402e-09,0.0004349115521191,0.0005318954651371,diode-lowfield_-3.0V/data.csv
0.025,-3.832103889421185e-06,3.84037421496915e-06,6.775169367884978e-05,7.570055013943621e-05,-3.835212169967903e-06,3.840321723522008e-06,2.462149485368985e-09,3.124973773147656e-09,21,21,-3.0,2024/01/Data_0120/JS633-W2_Wsc@v3.1_Wsc=0.9um-ENE_WFS06-296.hdf5,5.109553554104804e-09,3.978396809163643e-09,7.67553389348991e-06,3.978396809163643e-09,0.0006656935693344,0.0005183219494408,diode-lowfield_-3.0V/data.csv
0.03,-3.8100333585375767e-06,3.810531544103514e-06,6.673353495149457e-05,7.471823203704233e-05,-3.808306505007595e-06,3.815265479096398e-06,2.4253437978086404e-09,2.5271001408598756e-09,21,21,-3.0,2024/01/Data_0120/JS633-W2_Wsc@v3.1_Wsc=0.9um-ENE_WFS06-296.hdf5,6.958974088802657e-09,3.502645808457207e-09,7.623571984103993e-06,3.502645808457207e-09,0.0009128232937673,0.0004594496221776,diode-lowfield_-3.0V/data.csv
0.035,-3.7708903517276674e-06,3.7804791325620175e-06,6.954951946754058e-05,7.676320313894346e-05,-3.7736601985953183e-06,3.7833470438800057e-06,2.316466799421669e-09,3.944590279681449e-09,21,23,-3.0,2024/01/Data_0120/JS633-W2_Wsc@v3.1_Wsc=0.9um-ENE_WFS06-296.hdf5,9.686845284687477e-09,4.5744738394027615e-09,7.557007242475324e-06,4.5744738394027615e-09,0.0012818361785127,0.0006053292594266,diode-lowfield_-3.0V/data.csv
0.04,-3.729743992694906e-06,3.7497189999320143e-06,6.748870645028622e-05,7.531027481522835e-05,-3.730229748854462e-06,3.746837933707807e-06,2.362460655701581e-09,3.1821115691599303e-09,21,21,-3.0,2024/01/Data_0120/JS633-W2_Wsc@v3.1_Wsc=0.9um-ENE_WFS06-296.hdf5,1.6608184853345058e-08,3.963212634759763e-09,7.477067682562269e-06,3.963212634759763e-09,0.002221216332183,0.000530050359293,diode-lowfield_-3.0V/data.csv
0.045,-3.679022345694295e-06,3.709408554478665e-06,6.940349059104172e-05,7.710509616887802e-05,-3.677803135129139e-06,3.7060165427425297e-06,3.284374700713847e-09,2.779944805155979e-09,21,21,-3.0,2024/01/Data_0120/JS633-W2_Wsc@v3.1_Wsc=0.9um-ENE_WFS06-296.hdf5,2.8213407613390804e-08,4.302930431043812e-09,7.383819677871667e-06,4.302930431043812e-09,0.0038209773320904,0.0005827555424914,diode-lowfield_-3.0V/data.csv
0.05,-3.6106157184428016e-06,3.659167122951447e-06,6.990278302654441e-05,7.713820198494647e-05,-3.611885986160845e-06,3.659770118656463e-06,2.4796824244730527e-09,2.703209875143958e-09,21,23,-3.0,2024/01/Data_0120/JS633-W2_Wsc@v3.1_Wsc=0.9um-ENE_WFS06-296.hdf5,4.788413249561807e-08,3.668265060667832e-09,7.271656104817308e-06,3.668265060667832e-09,0.0065850380993534,0.0005044716829173,diode-lowfield_-3.0V/data.csv
-0.05,-1.4556792780902178e-07,1.3881224827806568e-07,0.0001355876427617,0.0002182022579345,-1.4553031993991188e-07,1.399030305232132e-07,4.473277791455267e-11,3.525768727612203e-10,20,20,-6.0,2024/01/Data_0121/JS633-W2_Wsc@v3.1_Wsc=0.9um-ENE_WFS06-310.hdf5,-5.627289416698643e-09,3.5540325353889816e-10,2.854333504631251e-07,3.5540325353889816e-10,-0.0197148980929109,0.0012453776505934,diode-lowfield_-6.0V/data.csv
-0.045,-1.5540227840009096e-07,1.484577229350417e-07,0.0001030363542595,0.0001565903397013,-1.554198834526623e-07,1.483192723301499e-07,1.1306998700765592e-10,2.2226661373282947e-10,23,20,-6.0,2024/01/Data_0121/JS633-W2_Wsc@v3.1_Wsc=0.9um-ENE_WFS06-310.hdf5,-7.100611122512354e-09,2.4937375471803415e-10,3.037391557828122e-07,2.4937375471803415e-10,-0.0233773321197666,0.0008212371766939,diode-lowfield_-6.0V/data.csv
-0.04,-1.574272618923553e-07,1.5086207749743493e-07,9.15396072913872e-05,0.0001459734369416,-1.574025103011203e-07,1.5093266877661365e-07,3.219833979918279e-11,1.53645156770692e-10,9,17,-6.0,2024/01/Data_0121/JS633-W2_Wsc@v3.1_Wsc=0.9um-ENE_WFS06-310.hdf5,-6.469841524506661e-09,1.5698269740616055e-10,3.08335179077734e-07,1.5698269740616055e-10,-0.0209831441999537,0.000509242095606,diode-lowfield_-6.0V/data.csv
-0.035,-1.5857873901262485e-07,1.523696387299794e-07,7.359203067971063e-05,0.0001402111156509,-1.585138341865622e-07,1.525079424265127e-07,6.660703691620613e-11,1.29337706536004e-10,23,23,-6.0,2024/01/Data_0121/JS633-W2_Wsc@v3.1_Wsc=0.9um-ENE_WFS06-310.hdf5,-6.0058917600494755e-09,1.4548106302454056e-10,3.110217766130749e-07,1.4548106302454056e-10,-0.0193101969432869,0.0004678392164047,diode-lowfield_-6.0V/data.csv
-0.03,-1.6138559468741636e-07,1.5557500023470077e-07,0.0001139126477439,0.0001557428822987,-1.606070819364701e-07,1.5574373407321518e-07,5.315586476723186e-10,3.743692638408984e-10,13,19,-6.0,2024/01/Data_0121/JS633-W2_Wsc@v3.1_Wsc=0.9um-ENE_WFS06-310.hdf5,-4.863347863254922e-09,6.501591663769729e-10,3.163508160096853e-07,6.501591663769729e-10,-0.0153732742801144,0.0020554269420136,diode-lowfield_-6.0V/data.csv
-0.025,-1.617998088056008e-07,1.569011969319524e-07,6.23875903799483e-05,0.0001339745559827,-1.6179369946369937e-07,1.5693489269175804e-07,6.12602108161888e-11,1.2139912685487068e-10,21,23,-6.0,2024/01/Data_0121/JS633-W2_Wsc@v3.1_Wsc=0.9um-ENE_WFS06-310.hdf5,-4.858806771941321e-09,1.3598000378867798e-10,3.187285921554574e-07,1.3598000378867798e-10,-0.0152443392012081,0.0004266821565626,diode-lowfield_-6.0V/data.csv
-0.02,-1.612487054263854e-07,1.571350659167657e-07,5.732100072806256e-05,0.0001263769951065,-1.611712628127468e-07,1.5708271237574738e-07,7.097966866695299e-11,1.1381289727824203e-10,17,25,-6.0,2024/01/Data_0121/JS633-W2_Wsc@v3.1_Wsc=0.9um-ENE_WFS06-310.hdf5,-4.088550436999425e-09,1.3413235609254801e-10,3.182539751884942e-07,1.3413235609254801e-10,-0.0128468165545391,0.0004214980322087,diode-lowfield_-6.0V/data.csv
-0.015,-1.614312127626031e-07,1.585032595530438e-07,5.8379782564183707e-05,0.0001290548476211,-1.6145189917073e-07,1.5847744676173093e-07,8.49881613606001e-11,1.2687592178372163e-10,19,23,-6.0,2024/01/Data_0121/JS633-W2_Wsc@v3.1_Wsc=0.9um-ENE_WFS06-310.hdf5,-2.974452408999079e-09,1.5271046820674883e-10,3.199293459324609e-07,1.5271046820674883e-10,-0.0092972165473904,0.0004773462329025,diode-lowfield_-6.0V/data.csv
-0.01,-1.615453894594395e-07,1.595067000168366e-07,5.045491061148637e-05,0.0001234935283094,-1.615435269954774e-07,1.59369170594753e-07,3.725802792835237e-11,1.2743165131426062e-10,17,25,-6.0,2024/01/Data_0121/JS633-W2_Wsc@v3.1_Wsc=0.9um-ENE_WFS06-310.hdf5,-2.1743564007243766e-09,1.3276666148468591e-10,3.209126975902304e-07,1.3276666148468591e-10,-0.0067755386965111,0.0004137253214585,diode-lowfield_-6.0V/data.csv
-0.005,-1.616846882606842e-07,1.6055933570097797e-07,4.692546940750861e-05,0.000116458979234,-1.6171289828424865e-07,1.6053879618904897e-07,5.4671159717113576e-11,1.0001359216363492e-10,17,27,-6.0,2024/01/Data_0121/JS633-W2_Wsc@v3.1_Wsc=0.9um-ENE_WFS06-310.hdf5,-1.1741020951997075e-09,1.1398093841642136e-10,3.222516944732977e-07,1.1398093841642136e-10,-0.0036434318743264,0.0003537039428936,diode-lowfield_-6.0V/data.csv
0.0,-1.6168001007819248e-07,1.616113438160297e-07,4.018469358519451e-05,0.0001100775471315,-1.6172526374417596e-07,1.616039753894327e-07,5.544405842533235e-11,1.0492536750557504e-10,19,27,-6.0,2024/01/Data_0121/JS633-W2_Wsc@v3.1_Wsc=0.9um-ENE_WFS06-310.hdf5,-1.2128835474326538e-10,1.186734020783581e-10,3.2332923913360866e-07,1.186734020783581e-10,-0.000375123372907,0.0003670358138536,diode-lowfield_-6.0V/data.csv
0.005,-1.5977076950468416e-07,1.6076624746236465e-07,3.874511659260104e-05,0.0001144678616499,-1.5968606343946386e-07,1.606408704783057e-07,5.2107025461636126e-11,6.574183622067016e-11,24,24,-6.0,2024/01/Data_0121/JS633-W2_Wsc@v3.1_Wsc=0.9um-ENE_WFS06-310.hdf5,9.548070388418462e-10,8.388761012286031e-11,3.203269339177696e-07,8.388761012286031e-11,0.0029807266818435,0.0002618823892061,diode-lowfield_-6.0V/data.csv
0.01,-1.5897094589290157e-07,1.614594767014359e-07,3.998374206374966e-05,0.0001227485529329,-1.5894522724099125e-07,1.613905423110176e-07,9.067845117575538e-11,9.060460232146143e-11,17,25,-6.0,2024/01/Data_0121/JS633-W2_Wsc@v3.1_Wsc=0.9um-ENE_WFS06-310.hdf5,2.4453150700263554e-09,1.281864870782565e-10,3.203357695520089e-07,1.281864870782565e-10,0.0076335998113671,0.0004001745482084,diode-lowfield_-6.0V/data.csv
0.015,-1.568824595828625e-07,1.603801027459465e-07,2.6384406899257e-05,0.0001078569995448,-1.569446840508983e-07,1.6041566855449017e-07,1.7570603136100896e-10,7.882845479971594e-11,24,24,-6.0,2024/01/Data_0121/JS633-W2_Wsc@v3.1_Wsc=0.9um-ENE_WFS06-310.hdf5,3.4709845035918843e-09,1.9257864560419648e-10,3.173603526053885e-07,1.9257864560419648e-10,0.0109370451447278,0.000606850104958,diode-lowfield_-6.0V/data.csv
0.02,-1.5558646724257565e-07,1.604675770117653e-07,2.2405096628252664e-05,0.000110625439977,-1.5553563674127781e-07,1.6035101591090517e-07,7.478977518353809e-11,1.1525865616013652e-10,15,27,-6.0,2024/01/Data_0121/JS633-W2_Wsc@v3.1_Wsc=0.9um-ENE_WFS06-310.hdf5,4.815379169627353e-09,1.37397482843918e-10,3.1588665265218295e-07,1.37397482843918e-10,0.0152440096129337,0.0004350087126652,diode-lowfield_-6.0V/data.csv
0.025,-1.542696340654845e-07,1.601474656428761e-07,1.770850654073065e-05,0.0001127945698093,-1.541758924138299e-07,1.6018051175337042e-07,1.2701382872466967e-10,5.67082942106222e-11,16,16,-6.0,2024/01/Data_0121/JS633-W2_Wsc@v3.1_Wsc=0.9um-ENE_WFS06-310.hdf5,6.004619339540516e-09,1.3909832249016595e-10,3.143564041672004e-07,1.3909832249016595e-10,0.0191013106777578,0.0004425667619411,diode-lowfield_-6.0V/data.csv
0.03,-1.539553486320034e-07,1.6067575640031745e-07,1.7963795678357495e-05,0.0001055739760311,-1.5386783154317566e-07,1.6061183424894737e-07,2.6626053588069576e-10,6.333115251329533e-11,30,30,-6.0,2024/01/Data_0121/JS633-W2_Wsc@v3.1_Wsc=0.9um-ENE_WFS06-310.hdf5,6.744002705771679e-09,2.7368870609898687e-10,3.144796657921231e-07,2.7368870609898687e-10,0.0214449563496725,0.00087049072314,diode-lowfield_-6.0V/data.csv
0.035,-1.5233845870908105e-07,1.5986421161352177e-07,1.7821376291447604e-05,0.0001061244842553,-1.5187633943843872e-07,1.5978245498589365e-07,3.3163240744118936e-10,8.735112445513171e-11,24,24,-6.0,2024/01/Data_0121/JS633-W2_Wsc@v3.1_Wsc=0.9um-ENE_WFS06-310.hdf5,7.906115547454928e-09,3.4294354143038606e-10,3.116587944243324e-07,3.4294354143038606e-10,0.0253678564150849,0.00110073540914,diode-lowfield_-6.0V/data.csv
0.04,-1.50411426909643e-07,1.588313044139164e-07,2.7217891106060947e-05,0.000107088105569,-1.5019658194681705e-07,1.5878412692463245e-07,3.947355624877972e-10,1.7157637821562206e-10,30,30,-6.0,2024/01/Data_0121/JS633-W2_Wsc@v3.1_Wsc=0.9um-ENE_WFS06-310.hdf5,8.587544977815401e-09,4.304121488226695e-10,3.089807088714495e-07,4.304121488226695e-10,0.0277931428443586,0.0013935444582557,diode-lowfield_-6.0V/data.csv
0.045,-1.479881969216771e-07,1.5700828074784116e-07,1.4496734030514488e-05,0.0001051483547913,-1.4757667873440657e-07,1.5698045565878665e-07,3.691844934663084e-10,8.998652745378451e-11,30,30,-6.0,2024/01/Data_0121/JS633-W2_Wsc@v3.1_Wsc=0.9um-ENE_WFS06-310.hdf5,9.403776924380084e-09,3.799931122259526e-10,3.045571343931932e-07,3.799931122259526e-10,0.0308768893006443,0.0012482853477805,diode-lowfield_-6.0V/data.csv
0.05,-1.4525665081754137e-07,1.554037937182745e-07,1.0668561998574051e-05,0.0001009934705388,-1.4544342534909554e-07,1.5533653919589337e-07,2.8886485918176805e-10,9.148539801297436e-11,30,30,-6.0,2024/01/Data_0121/JS633-W2_Wsc@v3.1_Wsc=0.9um-ENE_WFS06-310.hdf5,9.893113846797824e-09,3.0300575063799537e-10,3.0077996454498894e-07,3.0300575063799537e-10,0.0328915320598691,0.0010079448297455,diode-lowfield_-6.0V/data.csv
