VectorMagnet - Field Z,ic-,ic+,datafile,rmse-,rmse+,delta,sigma,delta_err,sigma_err,eta,eta_err
-0.35,-1.125e-06,1.1e-06,2023/10/Data_1011/JS633-W2_Wsc@v3.1_Wsc=inf-SSE_WFS03-078.hdf5,2.5e-08,2.5e-08,-2.499999999999997e-08,2.225e-06,3.535533905932737e-08,3.535533905932737e-08,-0.0112359550561797,0.0158910430274556
-0.345,-1.1500000000000002e-06,1.1e-06,2023/10/Data_1011/JS633-W2_Wsc@v3.1_Wsc=inf-SSE_WFS03-078.hdf5,2.5e-08,2.5e-08,-5.000000000000016e-08,2.2500000000000005e-06,3.535533905932737e-08,3.535533905932737e-08,-0.0222222222222222,0.0157173634200884
-0.3399999999999999,-1.175e-06,1.125e-06,2023/10/Data_1011/JS633-W2_Wsc@v3.1_Wsc=inf-SSE_WFS03-078.hdf5,2.5e-08,2.5e-08,-4.9999999999999945e-08,2.3e-06,3.535533905932737e-08,3.535533905932737e-08,-0.0217391304347825,0.0153755184168217
-0.3349999999999999,-1.2000000000000002e-06,1.1500000000000002e-06,2023/10/Data_1011/JS633-W2_Wsc@v3.1_Wsc=inf-SSE_WFS03-078.hdf5,2.5e-08,2.5e-08,-4.9999999999999945e-08,2.3500000000000004e-06,3.535533905932737e-08,3.535533905932737e-08,-0.0212765957446808,0.0150482300937932
-0.3299999999999999,-1.225e-06,1.175e-06,2023/10/Data_1011/JS633-W2_Wsc@v3.1_Wsc=inf-SSE_WFS03-078.hdf5,2.5e-08,2.5e-08,-4.9999999999999945e-08,2.4e-06,3.535533905932737e-08,3.535533905932737e-08,-0.0208333333333333,0.0147345878444166
-0.3249999999999999,-1.25e-06,1.2000000000000002e-06,2023/10/Data_1011/JS633-W2_Wsc@v3.1_Wsc=inf-SSE_WFS03-078.hdf5,2.5e-08,2.5e-08,-4.9999999999999945e-08,2.4500000000000003e-06,3.535533905932737e-08,3.535533905932737e-08,-0.020408163265306,0.0144337554778537
-0.3199999999999999,-1.275e-06,1.225e-06,2023/10/Data_1011/JS633-W2_Wsc@v3.1_Wsc=inf-SSE_WFS03-078.hdf5,2.5e-08,2.5e-08,-5.000000000000016e-08,2.5e-06,3.535533905932737e-08,3.535533905932737e-08,-0.02,0.0141449637680695
-0.3149999999999999,-1.3e-06,1.225e-06,2023/10/Data_1011/JS633-W2_Wsc@v3.1_Wsc=inf-SSE_WFS03-078.hdf5,2.5e-08,2.5e-08,-7.500000000000014e-08,2.525e-06,3.535533905932737e-08,3.535533905932737e-08,-0.0297029702970297,0.0140082899150249
-0.3099999999999999,-1.3250000000000002e-06,1.275e-06,2023/10/Data_1011/JS633-W2_Wsc@v3.1_Wsc=inf-SSE_WFS03-078.hdf5,2.5e-08,2.5e-08,-5.000000000000016e-08,2.6000000000000005e-06,3.535533905932737e-08,3.535533905932737e-08,-0.0192307692307692,0.013600721559492
-0.3049999999999999,-1.35e-06,1.275e-06,2023/10/Data_1011/JS633-W2_Wsc@v3.1_Wsc=inf-SSE_WFS03-078.hdf5,2.5e-08,2.5e-08,-7.499999999999993e-08,2.6250000000000003e-06,3.535533905932737e-08,3.535533905932737e-08,-0.0285714285714285,0.0134741969013768
-0.2999999999999999,-1.375e-06,1.3e-06,2023/10/Data_1011/JS633-W2_Wsc@v3.1_Wsc=inf-SSE_WFS03-078.hdf5,2.5e-08,2.5e-08,-7.499999999999993e-08,2.675e-06,3.535533905932737e-08,3.535533905932737e-08,-0.02803738317757,0.0132221430484173
-0.2949999999999999,-1.425e-06,1.3250000000000002e-06,2023/10/Data_1011/JS633-W2_Wsc@v3.1_Wsc=inf-SSE_WFS03-078.hdf5,2.5e-08,2.5e-08,-9.999999999999969e-08,2.75e-06,3.535533905932737e-08,3.535533905932737e-08,-0.0363636363636362,0.0128649842792
-0.2899999999999999,-1.45e-06,1.35e-06,2023/10/Data_1011/JS633-W2_Wsc@v3.1_Wsc=inf-SSE_WFS03-078.hdf5,2.5e-08,2.5e-08,-1.000000000000001e-07,2.8000000000000003e-06,3.535533905932737e-08,3.535533905932737e-08,-0.0357142857142857,0.0126349571148972
-0.2849999999999999,-1.475e-06,1.375e-06,2023/10/Data_1011/JS633-W2_Wsc@v3.1_Wsc=inf-SSE_WFS03-078.hdf5,2.5e-08,2.5e-08,-1.000000000000001e-07,2.85e-06,3.535533905932737e-08,3.535533905932737e-08,-0.0350877192982456,0.0124130162081106
-0.2799999999999999,-1.5250000000000002e-06,1.425e-06,2023/10/Data_1011/JS633-W2_Wsc@v3.1_Wsc=inf-SSE_WFS03-078.hdf5,2.5e-08,2.5e-08,-1.0000000000000033e-07,2.95e-06,3.535533905932737e-08,3.535533905932737e-08,-0.0338983050847458,0.0119917445933592
-0.2749999999999999,-1.55e-06,1.45e-06,2023/10/Data_1011/JS633-W2_Wsc@v3.1_Wsc=inf-SSE_WFS03-078.hdf5,2.5e-08,2.5e-08,-9.999999999999989e-08,3e-06,3.535533905932737e-08,3.535533905932737e-08,-0.0333333333333333,0.0117916584871061
-0.2699999999999999,-1.6e-06,1.475e-06,2023/10/Data_1011/JS633-W2_Wsc@v3.1_Wsc=inf-SSE_WFS03-078.hdf5,2.5e-08,2.5e-08,-1.2499999999999986e-07,3.075e-06,3.535533905932737e-08,3.535533905932737e-08,-0.0406504065040649,0.0115071670129079
-0.2649999999999999,-1.625e-06,1.5e-06,2023/10/Data_1011/JS633-W2_Wsc@v3.1_Wsc=inf-SSE_WFS03-078.hdf5,2.5e-08,2.5e-08,-1.2499999999999986e-07,3.125e-06,3.535533905932737e-08,3.535533905932737e-08,-0.0399999999999999,0.0113227558482906
-0.2599999999999999,-1.65e-06,1.55e-06,2023/10/Data_1011/JS633-W2_Wsc@v3.1_Wsc=inf-SSE_WFS03-078.hdf5,2.5e-08,2.5e-08,-1.000000000000001e-07,3.2e-06,3.535533905932737e-08,3.535533905932737e-08,-0.03125,0.0110539369362029
-0.2549999999999999,-1.7000000000000002e-06,1.5750000000000002e-06,2023/10/Data_1011/JS633-W2_Wsc@v3.1_Wsc=inf-SSE_WFS03-078.hdf5,2.5e-08,2.5e-08,-1.250000000000001e-07,3.2750000000000004e-06,3.535533905932737e-08,3.535533905932737e-08,-0.0381679389312977,0.0108033839288221
-0.2499999999999999,-1.75e-06,1.6e-06,2023/10/Data_1011/JS633-W2_Wsc@v3.1_Wsc=inf-SSE_WFS03-078.hdf5,2.5e-08,2.5e-08,-1.5000000000000005e-07,3.35e-06,3.535533905932737e-08,3.535533905932737e-08,-0.044776119402985,0.0105644069515521
-0.2449999999999998,-1.8e-06,1.65e-06,2023/10/Data_1011/JS633-W2_Wsc@v3.1_Wsc=inf-SSE_WFS03-078.hdf5,2.5e-08,2.5e-08,-1.4999999999999986e-07,3.45e-06,3.535533905932737e-08,3.535533905932737e-08,-0.0434782608695651,0.0102576059206677
-0.2399999999999998,-1.825e-06,1.675e-06,2023/10/Data_1011/JS633-W2_Wsc@v3.1_Wsc=inf-SSE_WFS03-078.hdf5,2.5e-08,2.5e-08,-1.5000000000000005e-07,3.5000000000000004e-06,3.535533905932737e-08,3.535533905932737e-08,-0.0428571428571428,0.0101107981007469
-0.2349999999999998,-1.9e-06,1.7000000000000002e-06,2023/10/Data_1011/JS633-W2_Wsc@v3.1_Wsc=inf-SSE_WFS03-078.hdf5,2.5e-08,2.5e-08,-1.9999999999999978e-07,3.6000000000000003e-06,3.535533905932737e-08,3.535533905932737e-08,-0.0555555555555554,0.0098360715925786
-0.2299999999999998,-1.9500000000000004e-06,1.75e-06,2023/10/Data_1011/JS633-W2_Wsc@v3.1_Wsc=inf-SSE_WFS03-078.hdf5,2.5e-08,2.5e-08,-2.0000000000000041e-07,3.7e-06,3.535533905932737e-08,3.535533905932737e-08,-0.0540540540540541,0.0095694466812081
-0.2249999999999998,-1.975e-06,1.7750000000000002e-06,2023/10/Data_1011/JS633-W2_Wsc@v3.1_Wsc=inf-SSE_WFS03-078.hdf5,2.5e-08,2.5e-08,-2e-07,3.750000000000001e-06,3.535533905932737e-08,3.535533905932737e-08,-0.0533333333333333,0.0094414897338853
-0.2199999999999998,-2.0500000000000003e-06,1.8e-06,2023/10/Data_1011/JS633-W2_Wsc@v3.1_Wsc=inf-SSE_WFS03-078.hdf5,2.5e-08,2.5e-08,-2.500000000000004e-07,3.85e-06,3.535533905932737e-08,3.535533905932737e-08,-0.064935064935065,0.0092025453639424
-0.2149999999999998,-2.1e-06,1.875e-06,2023/10/Data_1011/JS633-W2_Wsc@v3.1_Wsc=inf-SSE_WFS03-078.hdf5,2.5e-08,2.5e-08,-2.2499999999999975e-07,3.975e-06,3.535533905932737e-08,3.535533905932737e-08,-0.0566037735849056,0.0089086623373079
-0.2099999999999998,-2.15e-06,1.875e-06,2023/10/Data_1011/JS633-W2_Wsc@v3.1_Wsc=inf-SSE_WFS03-078.hdf5,2.5e-08,2.5e-08,-2.750000000000001e-07,4.025e-06,3.535533905932737e-08,3.535533905932737e-08,-0.0683229813664596,0.0088044131353972
-0.2049999999999998,-2.2250000000000003e-06,1.9500000000000004e-06,2023/10/Data_1011/JS633-W2_Wsc@v3.1_Wsc=inf-SSE_WFS03-078.hdf5,2.5e-08,2.5e-08,-2.749999999999999e-07,4.175000000000001e-06,3.535533905932737e-08,3.535533905932737e-08,-0.0658682634730538,0.0084866953015305
-0.1999999999999998,-2.3000000000000004e-06,2e-06,2023/10/Data_1011/JS633-W2_Wsc@v3.1_Wsc=inf-SSE_WFS03-078.hdf5,2.5e-08,2.5e-08,-3.000000000000005e-07,4.3e-06,3.535533905932737e-08,3.535533905932737e-08,-0.0697674418604652,0.0082421582769757
-0.1949999999999998,-2.325e-06,2.0500000000000003e-06,2023/10/Data_1011/JS633-W2_Wsc@v3.1_Wsc=inf-SSE_WFS03-078.hdf5,2.5e-08,2.5e-08,-2.749999999999999e-07,4.3750000000000005e-06,3.535533905932737e-08,3.535533905932737e-08,-0.0628571428571428,0.0080971691517192
-0.1899999999999998,-2.425e-06,2.075e-06,2023/10/Data_1011/JS633-W2_Wsc@v3.1_Wsc=inf-SSE_WFS03-078.hdf5,2.5e-08,2.5e-08,-3.500000000000001e-07,4.5e-06,3.535533905932737e-08,3.535533905932737e-08,-0.0777777777777777,0.0078804704014357
-0.1849999999999998,-2.475e-06,2.125e-06,2023/10/Data_1011/JS633-W2_Wsc@v3.1_Wsc=inf-SSE_WFS03-078.hdf5,2.5e-08,2.5e-08,-3.500000000000001e-07,4.6e-06,3.535533905932737e-08,3.535533905932737e-08,-0.0760869565217391,0.0077081589945094
-0.1799999999999998,-2.5750000000000003e-06,2.15e-06,2023/10/Data_1011/JS633-W2_Wsc@v3.1_Wsc=inf-SSE_WFS03-078.hdf5,2.5e-08,2.5e-08,-4.250000000000002e-07,4.7250000000000005e-06,3.535533905932737e-08,3.535533905932737e-08,-0.0899470899470899,0.0075128194202826
-0.1749999999999998,-2.6500000000000005e-06,2.25e-06,2023/10/Data_1011/JS633-W2_Wsc@v3.1_Wsc=inf-SSE_WFS03-078.hdf5,2.5e-08,2.5e-08,-4.000000000000004e-07,4.9000000000000005e-06,3.535533905932737e-08,3.535533905932737e-08,-0.0816326530612245,0.0072393766329732
-0.1699999999999998,-2.75e-06,2.3000000000000004e-06,2023/10/Data_1011/JS633-W2_Wsc@v3.1_Wsc=inf-SSE_WFS03-078.hdf5,2.5e-08,2.5e-08,-4.499999999999995e-07,5.050000000000001e-06,3.535533905932737e-08,3.535533905932737e-08,-0.089108910891089,0.0070287978708924
-0.1649999999999998,-2.8000000000000003e-06,2.35e-06,2023/10/Data_1011/JS633-W2_Wsc@v3.1_Wsc=inf-SSE_WFS03-078.hdf5,2.5e-08,2.5e-08,-4.5000000000000046e-07,5.15e-06,3.535533905932737e-08,3.535533905932737e-08,-0.0873786407766991,0.0068912722128133
-0.1599999999999998,-2.9250000000000004e-06,2.35e-06,2023/10/Data_1011/JS633-W2_Wsc@v3.1_Wsc=inf-SSE_WFS03-078.hdf5,2.5e-08,2.5e-08,-5.750000000000004e-07,5.275e-06,3.535533905932737e-08,3.535533905932737e-08,-0.1090047393364929,0.0067421356302884
-0.1549999999999998,-3.0250000000000003e-06,2.4500000000000003e-06,2023/10/Data_1011/JS633-W2_Wsc@v3.1_Wsc=inf-SSE_WFS03-078.hdf5,2.5e-08,2.5e-08,-5.75e-07,5.475000000000001e-06,3.535533905932737e-08,3.535533905932737e-08,-0.1050228310502282,0.0064931114932501
-0.1499999999999998,-3.125e-06,2.5250000000000004e-06,2023/10/Data_1011/JS633-W2_Wsc@v3.1_Wsc=inf-SSE_WFS03-078.hdf5,2.5e-08,2.5e-08,-5.999999999999998e-07,5.65e-06,3.535533905932737e-08,3.535533905932737e-08,-0.1061946902654866,0.0062927675670263
-0.1449999999999998,-3.2000000000000003e-06,2.5750000000000003e-06,2023/10/Data_1011/JS633-W2_Wsc@v3.1_Wsc=inf-SSE_WFS03-078.hdf5,2.5e-08,2.5e-08,-6.249999999999999e-07,5.775000000000001e-06,3.535533905932737e-08,3.535533905932737e-08,-0.1082251082251082,0.0061578855549601
-0.1399999999999998,-3.35e-06,2.6500000000000005e-06,2023/10/Data_1011/JS633-W2_Wsc@v3.1_Wsc=inf-SSE_WFS03-078.hdf5,2.5e-08,2.5e-08,-6.999999999999997e-07,6e-06,3.535533905932737e-08,3.535533905932737e-08,-0.1166666666666666,0.0059325230928259
-0.1349999999999998,-3.45e-06,2.7e-06,2023/10/Data_1011/JS633-W2_Wsc@v3.1_Wsc=inf-SSE_WFS03-078.hdf5,2.5e-08,2.5e-08,-7.5e-07,6.15e-06,3.535533905932737e-08,3.535533905932737e-08,-0.1219512195121951,0.0057914264788856
-0.1299999999999997,-3.6000000000000003e-06,2.7750000000000005e-06,2023/10/Data_1011/JS633-W2_Wsc@v3.1_Wsc=inf-SSE_WFS03-078.hdf5,2.5e-08,2.5e-08,-8.249999999999997e-07,6.375000000000001e-06,3.535533905932737e-08,3.535533905932737e-08,-0.1294117647058822,0.0055921827264597
-0.1249999999999997,-3.675e-06,2.825e-06,2023/10/Data_1011/JS633-W2_Wsc@v3.1_Wsc=inf-SSE_WFS03-078.hdf5,2.5e-08,2.5e-08,-8.499999999999999e-07,6.5e-06,3.535533905932737e-08,3.535533905932737e-08,-0.1307692307692307,0.0054855932662494
-0.1199999999999997,-3.85e-06,2.875e-06,2023/10/Data_1011/JS633-W2_Wsc@v3.1_Wsc=inf-SSE_WFS03-078.hdf5,2.5e-08,2.5e-08,-9.750000000000004e-07,6.725000000000001e-06,3.535533905932737e-08,3.535533905932737e-08,-0.1449814126394052,0.0053122653427299
-0.1149999999999997,-4e-06,2.9250000000000004e-06,2023/10/Data_1011/JS633-W2_Wsc@v3.1_Wsc=inf-SSE_WFS03-078.hdf5,2.5e-08,2.5e-08,-1.0749999999999994e-06,6.925000000000001e-06,3.535533905932737e-08,3.535533905932737e-08,-0.1552346570397111,0.0051666131513346
-0.1099999999999997,-4.15e-06,3e-06,2023/10/Data_1011/JS633-W2_Wsc@v3.1_Wsc=inf-SSE_WFS03-078.hdf5,2.5e-08,2.5e-08,-1.15e-06,7.15e-06,3.535533905932737e-08,3.535533905932737e-08,-0.1608391608391608,0.0050083534202458
-0.1049999999999997,-4.2750000000000006e-06,3.1e-06,2023/10/Data_1011/JS633-W2_Wsc@v3.1_Wsc=inf-SSE_WFS03-078.hdf5,2.5e-08,2.5e-08,-1.1750000000000006e-06,7.375e-06,3.535533905932737e-08,3.535533905932737e-08,-0.1593220338983051,0.0048544065648107
-0.0999999999999997,-4.425e-06,3.125e-06,2023/10/Data_1011/JS633-W2_Wsc@v3.1_Wsc=inf-SSE_WFS03-078.hdf5,2.5e-08,2.5e-08,-1.2999999999999998e-06,7.55e-06,3.535533905932737e-08,3.535533905932737e-08,-0.1721854304635761,0.0047517371349216
-0.0949999999999997,-4.55e-06,3.225e-06,2023/10/Data_1011/JS633-W2_Wsc@v3.1_Wsc=inf-SSE_WFS03-078.hdf5,2.5e-08,2.5e-08,-1.3249999999999996e-06,7.775e-06,3.535533905932737e-08,3.535533905932737e-08,-0.1704180064308681,0.0046128700672191
-0.0899999999999997,-4.7e-06,3.2750000000000004e-06,2023/10/Data_1011/JS633-W2_Wsc@v3.1_Wsc=inf-SSE_WFS03-078.hdf5,2.5e-08,2.5e-08,-1.4249999999999997e-06,7.975e-06,3.535533905932737e-08,3.535533905932737e-08,-0.1786833855799372,0.0045034874929006
-0.0849999999999997,-4.75e-06,3.375e-06,2023/10/Data_1011/JS633-W2_Wsc@v3.1_Wsc=inf-SSE_WFS03-078.hdf5,2.5e-08,2.5e-08,-1.3750000000000004e-06,8.125000000000001e-06,3.535533905932737e-08,3.535533905932737e-08,-0.1692307692307692,0.0044132968599504
-0.0799999999999997,-4.9000000000000005e-06,3.45e-06,2023/10/Data_1011/JS633-W2_Wsc@v3.1_Wsc=inf-SSE_WFS03-078.hdf5,2.5e-08,2.5e-08,-1.4500000000000003e-06,8.35e-06,3.535533905932737e-08,3.535533905932737e-08,-0.1736526946107785,0.0042975394580231
-0.0749999999999997,-5.025e-06,3.575e-06,2023/10/Data_1011/JS633-W2_Wsc@v3.1_Wsc=inf-SSE_WFS03-078.hdf5,2.5e-08,2.5e-08,-1.45e-06,8.6e-06,3.535533905932737e-08,3.535533905932737e-08,-0.1686046511627907,0.0041691104595538
-0.0699999999999997,-5.0750000000000005e-06,3.65e-06,2023/10/Data_1011/JS633-W2_Wsc@v3.1_Wsc=inf-SSE_WFS03-078.hdf5,2.5e-08,2.5e-08,-1.4250000000000003e-06,8.725e-06,3.535533905932737e-08,3.535533905932737e-08,-0.163323782234957,0.0041058775379676
-0.0649999999999997,-5.0750000000000005e-06,3.725e-06,2023/10/Data_1011/JS633-W2_Wsc@v3.1_Wsc=inf-SSE_WFS03-078.hdf5,2.5e-08,2.5e-08,-1.3500000000000006e-06,8.8e-06,3.535533905932737e-08,3.535533905932737e-08,-0.1534090909090909,0.0040646536511184
-0.06,-5.150000000000001e-06,3.875e-06,2023/10/Data_1011/JS633-W2_Wsc@v3.1_Wsc=inf-SSE_WFS03-079.hdf5,2.5e-08,2.5e-08,-1.2750000000000005e-06,9.025e-06,3.535533905932737e-08,3.535533905932737e-08,-0.1412742382271468,0.0039563893818784
-0.055,-5.225000000000001e-06,4.075e-06,2023/10/Data_1011/JS633-W2_Wsc@v3.1_Wsc=inf-SSE_WFS03-079.hdf5,2.5e-08,2.5e-08,-1.1500000000000008e-06,9.3e-06,3.535533905932737e-08,3.535533905932737e-08,-0.1236559139784947,0.0038306041972189
-0.05,-5.2e-06,4.15e-06,2023/10/Data_1011/JS633-W2_Wsc@v3.1_Wsc=inf-SSE_WFS03-079.hdf5,2.5e-08,2.5e-08,-1.05e-06,9.35e-06,3.535533905932737e-08,3.535533905932737e-08,-0.1122994652406417,0.0038050884148911
-0.045,-5.25e-06,4.350000000000001e-06,2023/10/Data_1011/JS633-W2_Wsc@v3.1_Wsc=inf-SSE_WFS03-079.hdf5,2.5e-08,2.5e-08,-8.99999999999999e-07,9.6e-06,3.535533905932737e-08,3.535533905932737e-08,-0.0937499999999999,0.0036989968025271
-0.04,-5.275e-06,4.5e-06,2023/10/Data_1011/JS633-W2_Wsc@v3.1_Wsc=inf-SSE_WFS03-079.hdf5,2.5e-08,2.5e-08,-7.750000000000002e-07,9.775e-06,3.535533905932737e-08,3.535533905932737e-08,-0.0792838874680307,0.0036282645176446
-0.035,-5.375e-06,4.675e-06,2023/10/Data_1011/JS633-W2_Wsc@v3.1_Wsc=inf-SSE_WFS03-079.hdf5,2.5e-08,2.5e-08,-7.000000000000001e-07,1.005e-05,3.535533905932737e-08,3.535533905932737e-08,-0.0696517412935323,0.0035264672761183
-0.03,-5.4e-06,4.825e-06,2023/10/Data_1011/JS633-W2_Wsc@v3.1_Wsc=inf-SSE_WFS03-079.hdf5,2.5e-08,2.5e-08,-5.749999999999996e-07,1.0225e-05,3.535533905932737e-08,3.535533905932737e-08,-0.0562347188264058,0.0034631978286728
-0.025,-5.325e-06,4.85e-06,2023/10/Data_1011/JS633-W2_Wsc@v3.1_Wsc=inf-SSE_WFS03-079.hdf5,2.5e-08,2.5e-08,-4.749999999999997e-07,1.0175e-05,3.535533905932737e-08,3.535533905932737e-08,-0.0466830466830466,0.0034785103841708
-0.02,-5.4e-06,5.0750000000000005e-06,2023/10/Data_1011/JS633-W2_Wsc@v3.1_Wsc=inf-SSE_WFS03-079.hdf5,2.5e-08,2.5e-08,-3.249999999999995e-07,1.0475e-05,3.535533905932737e-08,3.535533905932737e-08,-0.0310262529832935,0.0033768355123921
-0.015,-5.45e-06,5.1e-06,2023/10/Data_1011/JS633-W2_Wsc@v3.1_Wsc=inf-SSE_WFS03-079.hdf5,2.5e-08,2.5e-08,-3.500000000000001e-07,1.055e-05,3.535533905932737e-08,3.535533905932737e-08,-0.0331753554502369,0.0033530606470515
-0.01,-5.4250000000000006e-06,5.25e-06,2023/10/Data_1011/JS633-W2_Wsc@v3.1_Wsc=inf-SSE_WFS03-079.hdf5,2.5e-08,2.5e-08,-1.750000000000009e-07,1.0675e-05,3.535533905932737e-08,3.535533905932737e-08,-0.0163934426229509,0.0033124205643833
-0.005,-5.300000000000001e-06,5.225000000000001e-06,2023/10/Data_1011/JS633-W2_Wsc@v3.1_Wsc=inf-SSE_WFS03-079.hdf5,2.5e-08,2.5e-08,-7.500000000000014e-08,1.0525000000000002e-05,3.535533905932737e-08,3.535533905932737e-08,-0.007125890736342,0.0033592623933749
-2.775557561562892e-17,-5.300000000000001e-06,5.300000000000001e-06,2023/10/Data_1011/JS633-W2_Wsc@v3.1_Wsc=inf-SSE_WFS03-079.hdf5,2.5e-08,2.5e-08,0.0,1.0600000000000002e-05,3.535533905932737e-08,3.535533905932737e-08,0.0,0.0033354093452195
0.0049999999999999,-5.25e-06,5.300000000000001e-06,2023/10/Data_1011/JS633-W2_Wsc@v3.1_Wsc=inf-SSE_WFS03-079.hdf5,2.5e-08,2.5e-08,5.0000000000001215e-08,1.055e-05,3.535533905932737e-08,3.535533905932737e-08,0.0047393364928911,0.003351254608599
0.0099999999999999,-5.2e-06,5.375e-06,2023/10/Data_1011/JS633-W2_Wsc@v3.1_Wsc=inf-SSE_WFS03-079.hdf5,2.5e-08,2.5e-08,1.7500000000000005e-07,1.0575e-05,3.535533905932737e-08,3.535533905932737e-08,0.016548463356974,0.0033437522256948
0.0149999999999999,-5.150000000000001e-06,5.45e-06,2023/10/Data_1011/JS633-W2_Wsc@v3.1_Wsc=inf-SSE_WFS03-079.hdf5,2.5e-08,2.5e-08,2.999999999999997e-07,1.06e-05,3.535533905932737e-08,3.535533905932737e-08,0.0283018867924528,0.0033367449039279
0.0199999999999999,-5.0750000000000005e-06,5.475000000000001e-06,2023/10/Data_1011/JS633-W2_Wsc@v3.1_Wsc=inf-SSE_WFS03-079.hdf5,2.5e-08,2.5e-08,4.000000000000004e-07,1.0550000000000002e-05,3.535533905932737e-08,3.535533905932737e-08,0.0379146919431279,0.0033536248346066
0.0249999999999999,-4.9000000000000005e-06,5.4e-06,2023/10/Data_1011/JS633-W2_Wsc@v3.1_Wsc=inf-SSE_WFS03-079.hdf5,2.5e-08,2.5e-08,4.999999999999994e-07,1.03e-05,3.535533905932737e-08,3.535533905932737e-08,0.0485436893203883,0.0034365992033432
0.0299999999999999,-4.775e-06,5.35e-06,2023/10/Data_1011/JS633-W2_Wsc@v3.1_Wsc=inf-SSE_WFS03-079.hdf5,2.5e-08,2.5e-08,5.749999999999996e-07,1.0125e-05,3.535533905932737e-08,3.535533905932737e-08,0.05679012345679,0.003497511677787
0.0349999999999999,-4.625e-06,5.325e-06,2023/10/Data_1011/JS633-W2_Wsc@v3.1_Wsc=inf-SSE_WFS03-079.hdf5,2.5e-08,2.5e-08,7.000000000000001e-07,9.95e-06,3.535533905932737e-08,3.535533905932737e-08,0.0703517587939698,0.0035620828536509
0.0399999999999999,-4.5e-06,5.35e-06,2023/10/Data_1011/JS633-W2_Wsc@v3.1_Wsc=inf-SSE_WFS03-079.hdf5,2.5e-08,2.5e-08,8.499999999999995e-07,9.85e-06,3.535533905932737e-08,3.535533905932737e-08,0.0862944162436547,0.0036027142802614
0.0449999999999999,-4.325e-06,5.225000000000001e-06,2023/10/Data_1011/JS633-W2_Wsc@v3.1_Wsc=inf-SSE_WFS03-079.hdf5,2.5e-08,2.5e-08,9.000000000000007e-07,9.550000000000002e-06,3.535533905932737e-08,3.535533905932737e-08,0.0942408376963351,0.0037185333316458
0.0499999999999999,-4.2e-06,5.225000000000001e-06,2023/10/Data_1011/JS633-W2_Wsc@v3.1_Wsc=inf-SSE_WFS03-079.hdf5,2.5e-08,2.5e-08,1.0250000000000012e-06,9.425e-06,3.535533905932737e-08,3.535533905932737e-08,0.1087533156498675,0.0037733478293734
0.0549999999999999,-3.975e-06,5.125e-06,2023/10/Data_1011/JS633-W2_Wsc@v3.1_Wsc=inf-SSE_WFS03-079.hdf5,2.5e-08,2.5e-08,1.15e-06,9.1e-06,3.535533905932737e-08,3.535533905932737e-08,0.1263736263736263,0.0039161031172849
0.0599999999999999,-3.825e-06,4.975000000000001e-06,2023/10/Data_1011/JS633-W2_Wsc@v3.1_Wsc=inf-SSE_WFS03-079.hdf5,2.5e-08,2.5e-08,1.1500000000000008e-06,8.8e-06,3.535533905932737e-08,3.535533905932737e-08,0.1306818181818182,0.0040518131399569
0.0649999999999999,-3.65e-06,4.825e-06,2023/10/Data_1011/JS633-W2_Wsc@v3.1_Wsc=inf-SSE_WFS03-079.hdf5,2.5e-08,2.5e-08,1.1750000000000002e-06,8.475000000000001e-06,3.535533905932737e-08,3.535533905932737e-08,0.1386430678466076,0.0042116247875824
0.0699999999999999,-3.5e-06,4.675e-06,2023/10/Data_1011/JS633-W2_Wsc@v3.1_Wsc=inf-SSE_WFS03-079.hdf5,2.5e-08,2.5e-08,1.1750000000000002e-06,8.175e-06,3.535533905932737e-08,3.535533905932737e-08,0.1437308868501529,0.0043692559664155
0.0749999999999999,-3.45e-06,4.625e-06,2023/10/Data_1011/JS633-W2_Wsc@v3.1_Wsc=inf-SSE_WFS03-079.hdf5,2.5e-08,2.5e-08,1.1749999999999998e-06,8.075e-06,3.535533905932737e-08,3.535533905932737e-08,0.1455108359133126,0.0044244798645572
0.0799999999999999,-3.3e-06,4.525000000000001e-06,2023/10/Data_1011/JS633-W2_Wsc@v3.1_Wsc=inf-SSE_WFS03-079.hdf5,2.5e-08,2.5e-08,1.2250000000000006e-06,7.825e-06,3.535533905932737e-08,3.535533905932737e-08,0.1565495207667732,0.0045732851899059
0.0849999999999999,-3.25e-06,4.425e-06,2023/10/Data_1011/JS633-W2_Wsc@v3.1_Wsc=inf-SSE_WFS03-079.hdf5,2.5e-08,2.5e-08,1.1750000000000002e-06,7.675e-06,3.535533905932737e-08,3.535533905932737e-08,0.1530944625407166,0.0046602302360754
0.0899999999999999,-3.1500000000000003e-06,4.2750000000000006e-06,2023/10/Data_1011/JS633-W2_Wsc@v3.1_Wsc=inf-SSE_WFS03-079.hdf5,2.5e-08,2.5e-08,1.1250000000000002e-06,7.425000000000001e-06,3.535533905932737e-08,3.535533905932737e-08,0.1515151515151515,0.0048160080486505
0.0949999999999999,-3.0500000000000004e-06,4.2e-06,2023/10/Data_1011/JS633-W2_Wsc@v3.1_Wsc=inf-SSE_WFS03-079.hdf5,2.5e-08,2.5e-08,1.1499999999999992e-06,7.25e-06,3.535533905932737e-08,3.535533905932737e-08,0.1586206896551723,0.0049375662627421
0.0999999999999999,-3e-06,4.1000000000000006e-06,2023/10/Data_1011/JS633-W2_Wsc@v3.1_Wsc=inf-SSE_WFS03-079.hdf5,2.5e-08,2.5e-08,1.1000000000000005e-06,7.100000000000001e-06,3.535533905932737e-08,3.535533905932737e-08,0.1549295774647887,0.0050390342376038
0.1049999999999999,-2.9250000000000004e-06,3.975e-06,2023/10/Data_1011/JS633-W2_Wsc@v3.1_Wsc=inf-SSE_WFS03-079.hdf5,2.5e-08,2.5e-08,1.0499999999999997e-06,6.9e-06,3.535533905932737e-08,3.535533905932737e-08,0.1521739130434782,0.0051829501815885
0.1099999999999999,-2.875e-06,3.825e-06,2023/10/Data_1011/JS633-W2_Wsc@v3.1_Wsc=inf-SSE_WFS03-079.hdf5,2.5e-08,2.5e-08,9.499999999999998e-07,6.7e-06,3.535533905932737e-08,3.535533905932737e-08,0.1417910447761193,0.0053296977192353
0.1149999999999999,-2.825e-06,3.7e-06,2023/10/Data_1011/JS633-W2_Wsc@v3.1_Wsc=inf-SSE_WFS03-079.hdf5,2.5e-08,2.5e-08,8.750000000000001e-07,6.525e-06,3.535533905932737e-08,3.535533905932737e-08,0.1340996168582375,0.0054669448247027
0.1199999999999999,-2.725e-06,3.575e-06,2023/10/Data_1011/JS633-W2_Wsc@v3.1_Wsc=inf-SSE_WFS03-079.hdf5,2.5e-08,2.5e-08,8.499999999999999e-07,6.300000000000001e-06,3.535533905932737e-08,3.535533905932737e-08,0.1349206349206348,0.0056628070804341
0.1249999999999999,-2.675e-06,3.4000000000000005e-06,2023/10/Data_1011/JS633-W2_Wsc@v3.1_Wsc=inf-SSE_WFS03-079.hdf5,2.5e-08,2.5e-08,7.250000000000007e-07,6.075e-06,3.535533905932737e-08,3.535533905932737e-08,0.1193415637860083,0.0058611064233395
0.1299999999999999,-2.6e-06,3.25e-06,2023/10/Data_1011/JS633-W2_Wsc@v3.1_Wsc=inf-SSE_WFS03-079.hdf5,2.5e-08,2.5e-08,6.499999999999997e-07,5.85e-06,3.535533905932737e-08,3.535533905932737e-08,0.111111111111111,0.0060808397316551
0.1349999999999999,-2.5750000000000003e-06,3.225e-06,2023/10/Data_1011/JS633-W2_Wsc@v3.1_Wsc=inf-SSE_WFS03-079.hdf5,2.5e-08,2.5e-08,6.499999999999997e-07,5.8e-06,3.535533905932737e-08,3.535533905932737e-08,0.1120689655172413,0.0061339083008394
0.1399999999999999,-2.5e-06,3.125e-06,2023/10/Data_1011/JS633-W2_Wsc@v3.1_Wsc=inf-SSE_WFS03-079.hdf5,2.5e-08,2.5e-08,6.249999999999999e-07,5.625e-06,3.535533905932737e-08,3.535533905932737e-08,0.111111111111111,0.0063240733209213
0.1449999999999999,-2.4500000000000003e-06,3e-06,2023/10/Data_1011/JS633-W2_Wsc@v3.1_Wsc=inf-SSE_WFS03-079.hdf5,2.5e-08,2.5e-08,5.499999999999998e-07,5.45e-06,3.535533905932737e-08,3.535533905932737e-08,0.1009174311926605,0.0065201684729784
0.1499999999999999,-2.425e-06,2.95e-06,2023/10/Data_1011/JS633-W2_Wsc@v3.1_Wsc=inf-SSE_WFS03-079.hdf5,2.5e-08,2.5e-08,5.250000000000001e-07,5.375e-06,3.535533905932737e-08,3.535533905932737e-08,0.0976744186046511,0.0066090397867754
0.1549999999999999,-2.325e-06,2.825e-06,2023/10/Data_1011/JS633-W2_Wsc@v3.1_Wsc=inf-SSE_WFS03-079.hdf5,2.5e-08,2.5e-08,4.999999999999999e-07,5.15e-06,3.535533905932737e-08,3.535533905932737e-08,0.0970873786407766,0.0068973936367765
0.1599999999999999,-2.3000000000000004e-06,2.725e-06,2023/10/Data_1011/JS633-W2_Wsc@v3.1_Wsc=inf-SSE_WFS03-079.hdf5,2.5e-08,2.5e-08,4.249999999999997e-07,5.025e-06,3.535533905932737e-08,3.535533905932737e-08,0.0845771144278606,0.0070610083962938
0.1649999999999999,-2.2e-06,2.625e-06,2023/10/Data_1011/JS633-W2_Wsc@v3.1_Wsc=inf-SSE_WFS03-079.hdf5,2.5e-08,2.5e-08,4.249999999999997e-07,4.825e-06,3.535533905932737e-08,3.535533905932737e-08,0.088082901554404,0.0073559021718703
0.1699999999999998,-2.15e-06,2.55e-06,2023/10/Data_1011/JS633-W2_Wsc@v3.1_Wsc=inf-SSE_WFS03-079.hdf5,2.5e-08,2.5e-08,4e-07,4.700000000000001e-06,3.535533905932737e-08,3.535533905932737e-08,0.0851063829787233,0.0075496061929189
0.1749999999999998,-2.1e-06,2.475e-06,2023/10/Data_1011/JS633-W2_Wsc@v3.1_Wsc=inf-SSE_WFS03-079.hdf5,2.5e-08,2.5e-08,3.750000000000002e-07,4.574999999999999e-06,3.535533905932737e-08,3.535533905932737e-08,0.0819672131147541,0.0077538600764605
0.1799999999999998,-2.0500000000000003e-06,2.35e-06,2023/10/Data_1011/JS633-W2_Wsc@v3.1_Wsc=inf-SSE_WFS03-079.hdf5,2.5e-08,2.5e-08,2.999999999999997e-07,4.4e-06,3.535533905932737e-08,3.535533905932737e-08,0.0681818181818181,0.0080539597776408
0.1849999999999999,-2e-06,2.35e-06,2023/10/Data_1011/JS633-W2_Wsc@v3.1_Wsc=inf-SSE_WFS03-079.hdf5,2.5e-08,2.5e-08,3.500000000000001e-07,4.35e-06,3.535533905932737e-08,3.535533905932737e-08,0.0804597701149425,0.0081539300431811
0.1899999999999999,-1.9500000000000004e-06,2.275e-06,2023/10/Data_1011/JS633-W2_Wsc@v3.1_Wsc=inf-SSE_WFS03-079.hdf5,2.5e-08,2.5e-08,3.249999999999995e-07,4.225e-06,3.535533905932737e-08,3.535533905932737e-08,0.0769230769230767,0.0083928488459653
0.1949999999999999,-1.925e-06,2.2e-06,2023/10/Data_1011/JS633-W2_Wsc@v3.1_Wsc=inf-SSE_WFS03-079.hdf5,2.5e-08,2.5e-08,2.749999999999999e-07,4.125e-06,3.535533905932737e-08,3.535533905932737e-08,0.0666666666666666,0.0085900168183714
0.1999999999999999,-1.875e-06,2.15e-06,2023/10/Data_1011/JS633-W2_Wsc@v3.1_Wsc=inf-SSE_WFS03-079.hdf5,2.5e-08,2.5e-08,2.750000000000001e-07,4.025e-06,3.535533905932737e-08,3.535533905932737e-08,0.0683229813664596,0.0088044131353972
0.2049999999999998,-1.825e-06,2.1e-06,2023/10/Data_1011/JS633-W2_Wsc@v3.1_Wsc=inf-SSE_WFS03-079.hdf5,2.5e-08,2.5e-08,2.749999999999997e-07,3.925e-06,3.535533905932737e-08,3.535533905932737e-08,0.0700636942675158,0.0090298117479383
0.2099999999999998,-1.7750000000000002e-06,2.025e-06,2023/10/Data_1011/JS633-W2_Wsc@v3.1_Wsc=inf-SSE_WFS03-079.hdf5,2.5e-08,2.5e-08,2.5e-07,3.8e-06,3.535533905932737e-08,3.535533905932737e-08,0.0657894736842105,0.0093241499748466
0.2149999999999998,-1.75e-06,1.9500000000000004e-06,2023/10/Data_1011/JS633-W2_Wsc@v3.1_Wsc=inf-SSE_WFS03-079.hdf5,2.5e-08,2.5e-08,2.0000000000000041e-07,3.7e-06,3.535533905932737e-08,3.535533905932737e-08,0.0540540540540541,0.0095694466812081
0.2199999999999998,-1.725e-06,1.925e-06,2023/10/Data_1011/JS633-W2_Wsc@v3.1_Wsc=inf-SSE_WFS03-079.hdf5,2.5e-08,2.5e-08,2.000000000000002e-07,3.65e-06,3.535533905932737e-08,3.535533905932737e-08,0.0547945205479452,0.0097009247705481
0.2249999999999998,-1.675e-06,1.875e-06,2023/10/Data_1011/JS633-W2_Wsc@v3.1_Wsc=inf-SSE_WFS03-079.hdf5,2.5e-08,2.5e-08,2e-07,3.55e-06,3.535533905932737e-08,3.535533905932737e-08,0.056338028169014,0.0099750431158695
0.2299999999999998,-1.625e-06,1.8e-06,2023/10/Data_1011/JS633-W2_Wsc@v3.1_Wsc=inf-SSE_WFS03-079.hdf5,2.5e-08,2.5e-08,1.7500000000000005e-07,3.425e-06,3.535533905932737e-08,3.535533905932737e-08,0.0510948905109489,0.0103361926581064
0.2349999999999998,-1.6e-06,1.75e-06,2023/10/Data_1011/JS633-W2_Wsc@v3.1_Wsc=inf-SSE_WFS03-079.hdf5,2.5e-08,2.5e-08,1.5000000000000005e-07,3.35e-06,3.535533905932737e-08,3.535533905932737e-08,0.044776119402985,0.0105644069515521
0.2399999999999998,-1.5750000000000002e-06,1.725e-06,2023/10/Data_1011/JS633-W2_Wsc@v3.1_Wsc=inf-SSE_WFS03-079.hdf5,2.5e-08,2.5e-08,1.4999999999999986e-07,3.3e-06,3.535533905932737e-08,3.535533905932737e-08,0.0454545454545454,0.010724801310191
0.2449999999999998,-1.5250000000000002e-06,1.675e-06,2023/10/Data_1011/JS633-W2_Wsc@v3.1_Wsc=inf-SSE_WFS03-079.hdf5,2.5e-08,2.5e-08,1.4999999999999986e-07,3.2000000000000003e-06,3.535533905932737e-08,3.535533905932737e-08,0.0468749999999999,0.0110606750879631
0.2499999999999998,-1.5e-06,1.625e-06,2023/10/Data_1011/JS633-W2_Wsc@v3.1_Wsc=inf-SSE_WFS03-079.hdf5,2.5e-08,2.5e-08,1.2499999999999986e-07,3.125e-06,3.535533905932737e-08,3.535533905932737e-08,0.0399999999999999,0.0113227558482906
0.2549999999999998,-1.475e-06,1.6e-06,2023/10/Data_1011/JS633-W2_Wsc@v3.1_Wsc=inf-SSE_WFS03-079.hdf5,2.5e-08,2.5e-08,1.2499999999999986e-07,3.075e-06,3.535533905932737e-08,3.535533905932737e-08,0.0406504065040649,0.0115071670129079
0.2599999999999998,-1.425e-06,1.55e-06,2023/10/Data_1011/JS633-W2_Wsc@v3.1_Wsc=inf-SSE_WFS03-079.hdf5,2.5e-08,2.5e-08,1.250000000000001e-07,2.975e-06,3.535533905932737e-08,3.535533905932737e-08,0.0420168067226891,0.0118946331658209
0.2649999999999998,-1.4e-06,1.5e-06,2023/10/Data_1011/JS633-W2_Wsc@v3.1_Wsc=inf-SSE_WFS03-079.hdf5,2.5e-08,2.5e-08,1.000000000000001e-07,2.9e-06,3.535533905932737e-08,3.535533905932737e-08,0.0344827586206896,0.0121987422881588
0.2699999999999998,-1.375e-06,1.45e-06,2023/10/Data_1011/JS633-W2_Wsc@v3.1_Wsc=inf-SSE_WFS03-079.hdf5,2.5e-08,2.5e-08,7.500000000000014e-08,2.825e-06,3.535533905932737e-08,3.535533905932737e-08,0.0265486725663717,0.012519574036114
0.2749999999999998,-1.35e-06,1.45e-06,2023/10/Data_1011/JS633-W2_Wsc@v3.1_Wsc=inf-SSE_WFS03-079.hdf5,2.5e-08,2.5e-08,1.000000000000001e-07,2.8000000000000003e-06,3.535533905932737e-08,3.535533905932737e-08,0.0357142857142857,0.0126349571148972
0.2799999999999998,-1.3250000000000002e-06,1.4e-06,2023/10/Data_1011/JS633-W2_Wsc@v3.1_Wsc=inf-SSE_WFS03-079.hdf5,2.5e-08,2.5e-08,7.49999999999997e-08,2.725e-06,3.535533905932737e-08,3.535533905932737e-08,0.0275229357798164,0.0129793495673436
0.2849999999999998,-1.275e-06,1.35e-06,2023/10/Data_1011/JS633-W2_Wsc@v3.1_Wsc=inf-SSE_WFS03-079.hdf5,2.5e-08,2.5e-08,7.499999999999993e-08,2.6250000000000003e-06,3.535533905932737e-08,3.535533905932737e-08,0.0285714285714285,0.0134741969013768
0.2899999999999998,-1.275e-06,1.3250000000000002e-06,2023/10/Data_1011/JS633-W2_Wsc@v3.1_Wsc=inf-SSE_WFS03-079.hdf5,2.5e-08,2.5e-08,5.000000000000016e-08,2.6000000000000005e-06,3.535533905932737e-08,3.535533905932737e-08,0.0192307692307692,0.013600721559492
0.2949999999999998,-1.25e-06,1.3e-06,2023/10/Data_1011/JS633-W2_Wsc@v3.1_Wsc=inf-SSE_WFS03-079.hdf5,2.5e-08,2.5e-08,4.9999999999999945e-08,2.55e-06,3.535533905932737e-08,3.535533905932737e-08,0.0196078431372548,0.0138675038807162
0.2999999999999998,-1.225e-06,1.275e-06,2023/10/Data_1011/JS633-W2_Wsc@v3.1_Wsc=inf-SSE_WFS03-079.hdf5,2.5e-08,2.5e-08,5.000000000000016e-08,2.5e-06,3.535533905932737e-08,3.535533905932737e-08,0.02,0.0141449637680695
0.3049999999999998,-1.2000000000000002e-06,1.25e-06,2023/10/Data_1011/JS633-W2_Wsc@v3.1_Wsc=inf-SSE_WFS03-079.hdf5,2.5e-08,2.5e-08,4.9999999999999945e-08,2.4500000000000003e-06,3.535533905932737e-08,3.535533905932737e-08,0.020408163265306,0.0144337554778537
0.3099999999999998,-1.175e-06,1.225e-06,2023/10/Data_1011/JS633-W2_Wsc@v3.1_Wsc=inf-SSE_WFS03-079.hdf5,2.5e-08,2.5e-08,4.9999999999999945e-08,2.4e-06,3.535533905932737e-08,3.535533905932737e-08,0.0208333333333333,0.0147345878444166
0.3149999999999998,-1.1500000000000002e-06,1.175e-06,2023/10/Data_1011/JS633-W2_Wsc@v3.1_Wsc=inf-SSE_WFS03-079.hdf5,2.5e-08,2.5e-08,2.499999999999976e-08,2.325e-06,3.535533905932737e-08,3.535533905932737e-08,0.0107526881720429,0.0152074765151646
0.3199999999999998,-1.125e-06,1.1500000000000002e-06,2023/10/Data_1011/JS633-W2_Wsc@v3.1_Wsc=inf-SSE_WFS03-079.hdf5,2.5e-08,2.5e-08,2.5000000000000184e-08,2.275e-06,3.535533905932737e-08,3.535533905932737e-08,0.010989010989011,0.0155417466906858
0.3249999999999998,-1.1e-06,1.1500000000000002e-06,2023/10/Data_1011/JS633-W2_Wsc@v3.1_Wsc=inf-SSE_WFS03-079.hdf5,2.5e-08,2.5e-08,5.000000000000016e-08,2.2500000000000005e-06,3.535533905932737e-08,3.535533905932737e-08,0.0222222222222222,0.0157173634200884
0.3299999999999998,-1.075e-06,1.1e-06,2023/10/Data_1011/JS633-W2_Wsc@v3.1_Wsc=inf-SSE_WFS03-079.hdf5,2.5e-08,2.5e-08,2.499999999999997e-08,2.1750000000000004e-06,3.535533905932737e-08,3.535533905932737e-08,0.0114942528735632,0.0162564020771801
0.3349999999999998,-1.05e-06,1.1e-06,2023/10/Data_1011/JS633-W2_Wsc@v3.1_Wsc=inf-SSE_WFS03-079.hdf5,2.5e-08,2.5e-08,5.000000000000016e-08,2.15e-06,3.535533905932737e-08,3.535533905932737e-08,0.0232558139534884,0.0164487899683564
0.3399999999999998,-1.025e-06,1.05e-06,2023/10/Data_1011/JS633-W2_Wsc@v3.1_Wsc=inf-SSE_WFS03-079.hdf5,2.5e-08,2.5e-08,2.499999999999997e-08,2.075e-06,3.535533905932737e-08,3.535533905932737e-08,0.0120481927710843,0.0170399542352494
0.3449999999999998,-1.025e-06,1.05e-06,2023/10/Data_1011/JS633-W2_Wsc@v3.1_Wsc=inf-SSE_WFS03-079.hdf5,2.5e-08,2.5e-08,2.499999999999997e-08,2.075e-06,3.535533905932737e-08,3.535533905932737e-08,0.0120481927710843,0.0170399542352494
0.35,-1e-06,1.025e-06,2023/10/Data_1011/JS633-W2_Wsc@v3.1_Wsc=inf-SSE_WFS03-079.hdf5,2.5e-08,2.5e-08,2.499999999999997e-08,2.025e-06,3.535533905932737e-08,3.535533905932737e-08,0.0123456790123456,0.0174607571914277
0.355,-1.055e-06,1.085e-06,2023/10/Data_1011/JS633-W2_Wsc@v3.1_Wsc=inf-SSE_WFS03-082.hdf5,5e-09,5e-09,2.9999999999999925e-08,2.14e-06,7.071067811865476e-09,7.071067811865476e-09,0.014018691588785,0.0033045619598063
0.36,-1.04e-06,1.065e-06,2023/10/Data_1011/JS633-W2_Wsc@v3.1_Wsc=inf-SSE_WFS03-082.hdf5,5e-09,5e-09,2.499999999999997e-08,2.105e-06,7.071067811865476e-09,7.071067811865476e-09,0.01187648456057,0.0033594140068739
0.365,-1.02e-06,1.04e-06,2023/10/Data_1011/JS633-W2_Wsc@v3.1_Wsc=inf-SSE_WFS03-082.hdf5,5e-09,5e-09,2.000000000000002e-08,2.06e-06,7.071067811865476e-09,7.071067811865476e-09,0.0097087378640776,0.0034327189621321
0.37,-1e-06,1.02e-06,2023/10/Data_1011/JS633-W2_Wsc@v3.1_Wsc=inf-SSE_WFS03-082.hdf5,5e-09,5e-09,2.000000000000002e-08,2.02e-06,7.071067811865476e-09,7.071067811865476e-09,0.0099009900990099,0.0035007001932495
0.375,-9.85e-07,1.005e-06,2023/10/Data_1011/JS633-W2_Wsc@v3.1_Wsc=inf-SSE_WFS03-082.hdf5,5e-09,5e-09,1.9999999999999812e-08,1.99e-06,7.071067811865476e-09,7.071067811865476e-09,0.0100502512562813,0.0035534798585261
0.38,-9.7e-07,9.8e-07,2023/10/Data_1011/JS633-W2_Wsc@v3.1_Wsc=inf-SSE_WFS03-082.hdf5,5e-09,5e-09,9.999999999999904e-09,1.95e-06,7.071067811865476e-09,7.071067811865476e-09,0.005128205128205,0.0036262363027946
0.385,-9.550000000000002e-07,9.65e-07,2023/10/Data_1011/JS633-W2_Wsc@v3.1_Wsc=inf-SSE_WFS03-082.hdf5,5e-09,5e-09,9.999999999999904e-09,1.9200000000000003e-06,7.071067811865476e-09,7.071067811865476e-09,0.0052083333333332,0.0036828977701616
0.39,-9.35e-07,9.45e-07,2023/10/Data_1011/JS633-W2_Wsc@v3.1_Wsc=inf-SSE_WFS03-082.hdf5,5e-09,5e-09,9.999999999999904e-09,1.88e-06,7.071067811865476e-09,7.071067811865476e-09,0.0053191489361701,0.003761259491085
0.395,-9.2e-07,9.25e-07,2023/10/Data_1011/JS633-W2_Wsc@v3.1_Wsc=inf-SSE_WFS03-082.hdf5,5e-09,5e-09,5.000000000000058e-09,1.845e-06,7.071067811865476e-09,7.071067811865476e-09,0.002710027100271,0.0038325711531987
0.4,-9.05e-07,9.1e-07,2023/10/Data_1011/JS633-W2_Wsc@v3.1_Wsc=inf-SSE_WFS03-082.hdf5,5e-09,5e-09,4.999999999999952e-09,1.815e-06,7.071067811865476e-09,7.071067811865476e-09,0.002754820936639,0.0038959199135631
0.405,-8.900000000000001e-07,8.95e-07,2023/10/Data_1011/JS633-W2_Wsc@v3.1_Wsc=inf-SSE_WFS03-082.hdf5,5e-09,5e-09,4.999999999999952e-09,1.785e-06,7.071067811865476e-09,7.071067811865476e-09,0.0028011204481792,0.0039613980686751
0.41,-8.75e-07,8.75e-07,2023/10/Data_1011/JS633-W2_Wsc@v3.1_Wsc=inf-SSE_WFS03-082.hdf5,5e-09,5e-09,0.0,1.75e-06,7.071067811865476e-09,7.071067811865476e-09,0.0,0.0040406101782088
0.415,-8.6e-07,8.6e-07,2023/10/Data_1011/JS633-W2_Wsc@v3.1_Wsc=inf-SSE_WFS03-082.hdf5,5e-09,5e-09,0.0,1.72e-06,7.071067811865476e-09,7.071067811865476e-09,0.0,0.004111085937131
0.42,-8.45e-07,8.45e-07,2023/10/Data_1011/JS633-W2_Wsc@v3.1_Wsc=inf-SSE_WFS03-082.hdf5,5e-09,5e-09,0.0,1.69e-06,7.071067811865476e-09,7.071067811865476e-09,0.0,0.0041840637940032
0.425,-8.349999999999999e-07,8.300000000000001e-07,2023/10/Data_1011/JS633-W2_Wsc@v3.1_Wsc=inf-SSE_WFS03-082.hdf5,5e-09,5e-09,-4.999999999999846e-09,1.6650000000000002e-06,7.071067811865476e-09,7.071067811865476e-09,-0.0030030030030029,0.0042469067239242
0.43,-8.200000000000001e-07,8.15e-07,2023/10/Data_1011/JS633-W2_Wsc@v3.1_Wsc=inf-SSE_WFS03-082.hdf5,5e-09,5e-09,-5.000000000000058e-09,1.635e-06,7.071067811865476e-09,7.071067811865476e-09,-0.0030581039755352,0.0043248323401229
0.435,-8.05e-07,8.000000000000001e-07,2023/10/Data_1011/JS633-W2_Wsc@v3.1_Wsc=inf-SSE_WFS03-082.hdf5,5e-09,5e-09,-4.999999999999952e-09,1.605e-06,7.071067811865476e-09,7.071067811865476e-09,-0.0031152647975077,0.0044056711051065
0.44,-7.900000000000001e-07,7.85e-07,2023/10/Data_1011/JS633-W2_Wsc@v3.1_Wsc=inf-SSE_WFS03-082.hdf5,5e-09,5e-09,-5.000000000000058e-09,1.5750000000000002e-06,7.071067811865476e-09,7.071067811865476e-09,-0.0031746031746032,0.0044895894877833
0.445,-7.8e-07,7.7e-07,2023/10/Data_1011/JS633-W2_Wsc@v3.1_Wsc=inf-SSE_WFS03-082.hdf5,5e-09,5e-09,-1.000000000000001e-08,1.55e-06,7.071067811865476e-09,7.071067811865476e-09,-0.0064516129032258,0.0045620741748094
0.45,-7.65e-07,7.6e-07,2023/10/Data_1011/JS633-W2_Wsc@v3.1_Wsc=inf-SSE_WFS03-082.hdf5,5e-09,5e-09,-4.999999999999952e-09,1.525e-06,7.071067811865476e-09,7.071067811865476e-09,-0.0032786885245901,0.0046367907003542
0.455,-7.55e-07,7.45e-07,2023/10/Data_1011/JS633-W2_Wsc@v3.1_Wsc=inf-SSE_WFS03-082.hdf5,5e-09,5e-09,-1.000000000000001e-08,1.5e-06,7.071067811865476e-09,7.071067811865476e-09,-0.0066666666666666,0.0047141499633065
0.4600000000000001,-7.4e-07,7.35e-07,2023/10/Data_1011/JS633-W2_Wsc@v3.1_Wsc=inf-SSE_WFS03-082.hdf5,5e-09,5e-09,-5.000000000000058e-09,1.475e-06,7.071067811865476e-09,7.071067811865476e-09,-0.0033898305084746,0.0047939718226408
0.4650000000000001,-7.3e-07,7.2e-07,2023/10/Data_1011/JS633-W2_Wsc@v3.1_Wsc=inf-SSE_WFS03-082.hdf5,5e-09,5e-09,-1.000000000000001e-08,1.45e-06,7.071067811865476e-09,7.071067811865476e-09,-0.0068965517241379,0.0048767144609894
0.4700000000000001,-7.2e-07,7.1e-07,2023/10/Data_1011/JS633-W2_Wsc@v3.1_Wsc=inf-SSE_WFS03-082.hdf5,5e-09,5e-09,-1.000000000000001e-08,1.43e-06,7.071067811865476e-09,7.071067811865476e-09,-0.006993006993007,0.004944923569895
0.4750000000000001,-7.049999999999999e-07,7.000000000000001e-07,2023/10/Data_1011/JS633-W2_Wsc@v3.1_Wsc=inf-SSE_WFS03-082.hdf5,5e-09,5e-09,-4.999999999999846e-09,1.405e-06,7.071067811865476e-09,7.071067811865476e-09,-0.0035587188612098,0.0050328203469195
0.4800000000000001,-6.95e-07,6.85e-07,2023/10/Data_1011/JS633-W2_Wsc@v3.1_Wsc=inf-SSE_WFS03-082.hdf5,5e-09,5e-09,-1.000000000000001e-08,1.38e-06,7.071067811865476e-09,7.071067811865476e-09,-0.0072463768115942,0.0051240967103131
0.4850000000000001,-6.85e-07,6.75e-07,2023/10/Data_1011/JS633-W2_Wsc@v3.1_Wsc=inf-SSE_WFS03-082.hdf5,5e-09,5e-09,-1.000000000000001e-08,1.36e-06,7.071067811865476e-09,7.071067811865476e-09,-0.0073529411764705,0.0051994551180534
0.4900000000000001,-6.75e-07,6.65e-07,2023/10/Data_1011/JS633-W2_Wsc@v3.1_Wsc=inf-SSE_WFS03-082.hdf5,5e-09,5e-09,-1.000000000000001e-08,1.34e-06,7.071067811865476e-09,7.071067811865476e-09,-0.0074626865671641,0.0052770632156606
0.4950000000000001,-6.65e-07,6.55e-07,2023/10/Data_1011/JS633-W2_Wsc@v3.1_Wsc=inf-SSE_WFS03-082.hdf5,5e-09,5e-09,-1.000000000000001e-08,1.32e-06,7.071067811865476e-09,7.071067811865476e-09,-0.0075757575757575,0.0053570232732422
0.5000000000000001,-6.55e-07,6.45e-07,2023/10/Data_1011/JS633-W2_Wsc@v3.1_Wsc=inf-SSE_WFS03-082.hdf5,5e-09,5e-09,-1.000000000000001e-08,1.2999999999999998e-06,7.071067811865476e-09,7.071067811865476e-09,-0.0076923076923077,0.0054394438553542
0.5050000000000001,-6.45e-07,6.350000000000001e-07,2023/10/Data_1011/JS633-W2_Wsc@v3.1_Wsc=inf-SSE_WFS03-082.hdf5,5e-09,5e-09,-9.999999999999904e-09,1.28e-06,7.071067811865476e-09,7.071067811865476e-09,-0.0078124999999999,0.0055244403128415
0.5100000000000001,-6.350000000000001e-07,6.25e-07,2023/10/Data_1011/JS633-W2_Wsc@v3.1_Wsc=inf-SSE_WFS03-082.hdf5,5e-09,5e-09,-1.000000000000001e-08,1.2600000000000002e-06,7.071067811865476e-09,7.071067811865476e-09,-0.0079365079365079,0.00561213532153
0.5150000000000001,-6.25e-07,6.15e-07,2023/10/Data_1011/JS633-W2_Wsc@v3.1_Wsc=inf-SSE_WFS03-082.hdf5,5e-09,5e-09,-1.000000000000001e-08,1.24e-06,7.071067811865476e-09,7.071067811865476e-09,-0.0080645161290322,0.0057026594730616
0.5200000000000001,-6.15e-07,6.05e-07,2023/10/Data_1011/JS633-W2_Wsc@v3.1_Wsc=inf-SSE_WFS03-082.hdf5,5e-09,5e-09,-1.000000000000001e-08,1.2200000000000002e-06,7.071067811865476e-09,7.071067811865476e-09,-0.0081967213114754,0.0057961519238575
0.5250000000000001,-6.05e-07,5.95e-07,2023/10/Data_1011/JS633-W2_Wsc@v3.1_Wsc=inf-SSE_WFS03-082.hdf5,5e-09,5e-09,-1.000000000000001e-08,1.2e-06,7.071067811865476e-09,7.071067811865476e-09,-0.0083333333333333,0.0058927611089924
0.5300000000000001,-5.95e-07,5.85e-07,2023/10/Data_1011/JS633-W2_Wsc@v3.1_Wsc=inf-SSE_WFS03-082.hdf5,5e-09,5e-09,-1.000000000000001e-08,1.18e-06,7.071067811865476e-09,7.071067811865476e-09,-0.0084745762711864,0.0059926455286837
0.5350000000000001,-5.85e-07,5.8e-07,2023/10/Data_1011/JS633-W2_Wsc@v3.1_Wsc=inf-SSE_WFS03-082.hdf5,5e-09,5e-09,-5.000000000000058e-09,1.165e-06,7.071067811865476e-09,7.071067811865476e-09,-0.0042918454935622,0.0060696420050472
0.5400000000000001,-5.750000000000001e-07,5.7e-07,2023/10/Data_1011/JS633-W2_Wsc@v3.1_Wsc=inf-SSE_WFS03-082.hdf5,5e-09,5e-09,-5.000000000000058e-09,1.145e-06,7.071067811865476e-09,7.071067811865476e-09,-0.0043668122270742,0.0061756639570423
0.5450000000000002,-5.7e-07,5.6e-07,2023/10/Data_1011/JS633-W2_Wsc@v3.1_Wsc=inf-SSE_WFS03-082.hdf5,5e-09,5e-09,-1.000000000000001e-08,1.1300000000000002e-06,7.071067811865476e-09,7.071067811865476e-09,-0.0088495575221239,0.0062578271598317
0.5500000000000002,-5.6e-07,5.5e-07,2023/10/Data_1011/JS633-W2_Wsc@v3.1_Wsc=inf-SSE_WFS03-082.hdf5,5e-09,5e-09,-1.000000000000001e-08,1.11e-06,7.071067811865476e-09,7.071067811865476e-09,-0.009009009009009,0.0063705898719877
0.5550000000000002,-5.5e-07,5.450000000000001e-07,2023/10/Data_1011/JS633-W2_Wsc@v3.1_Wsc=inf-SSE_WFS03-082.hdf5,5e-09,5e-09,-4.999999999999952e-09,1.095e-06,7.071067811865476e-09,7.071067811865476e-09,-0.004566210045662,0.0064576634961941
0.5600000000000002,-5.5e-07,5.4e-07,2023/10/Data_1011/JS633-W2_Wsc@v3.1_Wsc=inf-SSE_WFS03-082.hdf5,5e-09,5e-09,-1.000000000000001e-08,1.0900000000000002e-06,7.071067811865476e-09,7.071067811865476e-09,-0.0091743119266055,0.0064874911783665
0.5650000000000002,-5.350000000000001e-07,5.250000000000001e-07,2023/10/Data_1011/JS633-W2_Wsc@v3.1_Wsc=inf-SSE_WFS03-082.hdf5,5e-09,5e-09,-1.000000000000001e-08,1.06e-06,7.071067811865476e-09,7.071067811865476e-09,-0.0094339622641509,0.0066711155340788
0.5700000000000002,-5.250000000000001e-07,5.2e-07,2023/10/Data_1011/JS633-W2_Wsc@v3.1_Wsc=inf-SSE_WFS03-082.hdf5,5e-09,5e-09,-5.000000000000058e-09,1.0450000000000002e-06,7.071067811865476e-09,7.071067811865476e-09,-0.0047846889952153,0.0067666495227363
0.5750000000000002,-5.2e-07,5.1e-07,2023/10/Data_1011/JS633-W2_Wsc@v3.1_Wsc=inf-SSE_WFS03-082.hdf5,5e-09,5e-09,-1.000000000000001e-08,1.03e-06,7.071067811865476e-09,7.071067811865476e-09,-0.0097087378640776,0.0068654379242643
0.5800000000000002,-5.1e-07,5.05e-07,2023/10/Data_1011/JS633-W2_Wsc@v3.1_Wsc=inf-SSE_WFS03-082.hdf5,5e-09,5e-09,-4.999999999999952e-09,1.015e-06,7.071067811865476e-09,7.071067811865476e-09,-0.0049261083743841,0.0069666537995399
0.5850000000000002,-5.05e-07,4.95e-07,2023/10/Data_1011/JS633-W2_Wsc@v3.1_Wsc=inf-SSE_WFS03-082.hdf5,5e-09,5e-09,-1.000000000000001e-08,1.0000000000000002e-06,7.071067811865476e-09,7.071067811865476e-09,-0.01,0.0070714213564176
0.5900000000000002,-4.95e-07,4.9e-07,2023/10/Data_1011/JS633-W2_Wsc@v3.1_Wsc=inf-SSE_WFS03-082.hdf5,5e-09,5e-09,-5.000000000000058e-09,9.85e-07,7.071067811865476e-09,7.071067811865476e-09,-0.0050761421319797,0.0071788415351826
0.5950000000000002,-4.85e-07,4.8e-07,2023/10/Data_1011/JS633-W2_Wsc@v3.1_Wsc=inf-SSE_WFS03-082.hdf5,5e-09,5e-09,-5.000000000000058e-09,9.65e-07,7.071067811865476e-09,7.071067811865476e-09,-0.0051813471502591,0.0073276297693662
0.6000000000000002,-4.85e-07,4.8e-07,2023/10/Data_1011/JS633-W2_Wsc@v3.1_Wsc=inf-SSE_WFS03-082.hdf5,5e-09,5e-09,-5.000000000000058e-09,9.65e-07,7.071067811865476e-09,7.071067811865476e-09,-0.0051813471502591,0.0073276297693662
0.6050000000000002,-4.750000000000001e-07,4.650000000000001e-07,2023/10/Data_1011/JS633-W2_Wsc@v3.1_Wsc=inf-SSE_WFS03-082.hdf5,5e-09,5e-09,-1.000000000000001e-08,9.400000000000002e-07,7.071067811865476e-09,7.071067811865476e-09,-0.0106382978723404,0.0075228382222054
0.6100000000000002,-4.650000000000001e-07,4.6000000000000004e-07,2023/10/Data_1011/JS633-W2_Wsc@v3.1_Wsc=inf-SSE_WFS03-082.hdf5,5e-09,5e-09,-5.000000000000058e-09,9.25e-07,7.071067811865476e-09,7.071067811865476e-09,-0.0054054054054054,0.0076445093121963
0.6150000000000002,-4.6000000000000004e-07,4.5500000000000004e-07,2023/10/Data_1011/JS633-W2_Wsc@v3.1_Wsc=inf-SSE_WFS03-082.hdf5,5e-09,5e-09,-5.000000000000005e-09,9.15e-07,7.071067811865476e-09,7.071067811865476e-09,-0.0054644808743169,0.0077280583432444
0.6200000000000002,-4.5000000000000003e-07,4.4500000000000003e-07,2023/10/Data_1011/JS633-W2_Wsc@v3.1_Wsc=inf-SSE_WFS03-082.hdf5,5e-09,5e-09,-5.000000000000005e-09,8.950000000000001e-07,7.071067811865476e-09,7.071067811865476e-09,-0.0055865921787709,0.0079007577151516
0.6250000000000002,-4.4500000000000003e-07,4.4e-07,2023/10/Data_1011/JS633-W2_Wsc@v3.1_Wsc=inf-SSE_WFS03-082.hdf5,5e-09,5e-09,-5.000000000000005e-09,8.85e-07,7.071067811865476e-09,7.071067811865476e-09,-0.0056497175141243,0.0079900346471871
0.6300000000000002,-4.35e-07,4.35e-07,2023/10/Data_1011/JS633-W2_Wsc@v3.1_Wsc=inf-SSE_WFS03-082.hdf5,5e-09,5e-09,0.0,8.7e-07,7.071067811865476e-09,7.071067811865476e-09,0.0,0.0081276641515695
0.6350000000000002,-4.3e-07,4.25e-07,2023/10/Data_1011/JS633-W2_Wsc@v3.1_Wsc=inf-SSE_WFS03-082.hdf5,5e-09,5e-09,-5.000000000000005e-09,8.550000000000001e-07,7.071067811865476e-09,7.071067811865476e-09,-0.0058479532163742,0.0082703961648993
0.6400000000000002,-4.25e-07,4.2e-07,2023/10/Data_1011/JS633-W2_Wsc@v3.1_Wsc=inf-SSE_WFS03-082.hdf5,5e-09,5e-09,-5.000000000000005e-09,8.45e-07,7.071067811865476e-09,7.071067811865476e-09,-0.0059171597633136,0.0083682740824279
0.6450000000000002,-4.150000000000001e-07,4.150000000000001e-07,2023/10/Data_1011/JS633-W2_Wsc@v3.1_Wsc=inf-SSE_WFS03-082.hdf5,5e-09,5e-09,0.0,8.300000000000002e-07,7.071067811865476e-09,7.071067811865476e-09,0.0,0.0085193588094764
0.6500000000000002,-4.1000000000000004e-07,4.1000000000000004e-07,2023/10/Data_1011/JS633-W2_Wsc@v3.1_Wsc=inf-SSE_WFS03-082.hdf5,5e-09,5e-09,0.0,8.200000000000001e-07,7.071067811865476e-09,7.071067811865476e-09,0.0,0.0086232534291042
0.6550000000000002,-4.0500000000000004e-07,4.0000000000000003e-07,2023/10/Data_1011/JS633-W2_Wsc@v3.1_Wsc=inf-SSE_WFS03-082.hdf5,5e-09,5e-09,-5.000000000000005e-09,8.050000000000001e-07,7.071067811865476e-09,7.071067811865476e-09,-0.0062111801242236,0.008784104605042
0.6600000000000003,-4.0000000000000003e-07,3.9500000000000003e-07,2023/10/Data_1011/JS633-W2_Wsc@v3.1_Wsc=inf-SSE_WFS03-082.hdf5,5e-09,5e-09,-5.000000000000005e-09,7.95e-07,7.071067811865476e-09,7.071067811865476e-09,-0.0062893081761006,0.0088946008301018
0.6650000000000003,-3.9500000000000003e-07,3.9e-07,2023/10/Data_1011/JS633-W2_Wsc@v3.1_Wsc=inf-SSE_WFS03-082.hdf5,5e-09,5e-09,-5.000000000000005e-09,7.850000000000001e-07,7.071067811865476e-09,7.071067811865476e-09,-0.0063694267515923,0.0090079124147732
0.6700000000000003,-3.9e-07,3.85e-07,2023/10/Data_1011/JS633-W2_Wsc@v3.1_Wsc=inf-SSE_WFS03-082.hdf5,5e-09,5e-09,-5.000000000000005e-09,7.75e-07,7.071067811865476e-09,7.071067811865476e-09,-0.0064516129032258,0.0091241483496188
0.6750000000000003,-3.85e-07,3.8e-07,2023/10/Data_1011/JS633-W2_Wsc@v3.1_Wsc=inf-SSE_WFS03-082.hdf5,5e-09,5e-09,-5.000000000000005e-09,7.650000000000001e-07,7.071067811865476e-09,7.071067811865476e-09,-0.0065359477124183,0.0092434233246476
0.6800000000000003,-3.75e-07,3.75e-07,2023/10/Data_1011/JS633-W2_Wsc@v3.1_Wsc=inf-SSE_WFS03-082.hdf5,5e-09,5e-09,0.0,7.5e-07,7.071067811865476e-09,7.071067811865476e-09,0.0,0.0094280904158206
0.6850000000000003,-3.7e-07,3.7e-07,2023/10/Data_1011/JS633-W2_Wsc@v3.1_Wsc=inf-SSE_WFS03-082.hdf5,5e-09,5e-09,0.0,7.4e-07,7.071067811865476e-09,7.071067811865476e-09,0.0,0.0095554970430614
0.6900000000000003,-3.65e-07,3.65e-07,2023/10/Data_1011/JS633-W2_Wsc@v3.1_Wsc=inf-SSE_WFS03-082.hdf5,5e-09,5e-09,0.0,7.3e-07,7.071067811865476e-09,7.071067811865476e-09,0.0,0.0096863942628294
0.6950000000000003,-3.65e-07,3.65e-07,2023/10/Data_1011/JS633-W2_Wsc@v3.1_Wsc=inf-SSE_WFS03-082.hdf5,5e-09,5e-09,0.0,7.3e-07,7.071067811865476e-09,7.071067811865476e-09,0.0,0.0096863942628294
0.7000000000000003,-3.6e-07,3.6e-07,2023/10/Data_1011/JS633-W2_Wsc@v3.1_Wsc=inf-SSE_WFS03-082.hdf5,5e-09,5e-09,0.0,7.2e-07,7.071067811865476e-09,7.071067811865476e-09,0.0,0.0098209275164798
0.7050000000000003,-3.55e-07,3.55e-07,2023/10/Data_1011/JS633-W2_Wsc@v3.1_Wsc=inf-SSE_WFS03-082.hdf5,5e-09,5e-09,0.0,7.1e-07,7.071067811865476e-09,7.071067811865476e-09,0.0,0.0099592504392471
0.7100000000000003,-3.500000000000001e-07,3.500000000000001e-07,2023/10/Data_1011/JS633-W2_Wsc@v3.1_Wsc=inf-SSE_WFS03-082.hdf5,5e-09,5e-09,0.0,7.000000000000002e-07,7.071067811865476e-09,7.071067811865476e-09,0.0,0.0101015254455221
0.7150000000000003,-3.450000000000001e-07,3.450000000000001e-07,2023/10/Data_1011/JS633-W2_Wsc@v3.1_Wsc=inf-SSE_WFS03-082.hdf5,5e-09,5e-09,0.0,6.900000000000002e-07,7.071067811865476e-09,7.071067811865476e-09,0.0,0.0102479243650224
0.7200000000000003,-3.400000000000001e-07,3.400000000000001e-07,2023/10/Data_1011/JS633-W2_Wsc@v3.1_Wsc=inf-SSE_WFS03-082.hdf5,5e-09,5e-09,0.0,6.800000000000002e-07,7.071067811865476e-09,7.071067811865476e-09,0.0,0.0103986291350962
0.7250000000000003,-3.35e-07,3.35e-07,2023/10/Data_1011/JS633-W2_Wsc@v3.1_Wsc=inf-SSE_WFS03-082.hdf5,5e-09,5e-09,0.0,6.7e-07,7.071067811865476e-09,7.071067811865476e-09,0.0,0.010553832555023
0.7300000000000003,-3.35e-07,3.3e-07,2023/10/Data_1011/JS633-W2_Wsc@v3.1_Wsc=inf-SSE_WFS03-082.hdf5,5e-09,5e-09,-5.000000000000005e-09,6.65e-07,7.071067811865476e-09,7.071067811865476e-09,-0.0075187969924812,0.010633485234486
0.7350000000000003,-3.3e-07,3.3e-07,2023/10/Data_1011/JS633-W2_Wsc@v3.1_Wsc=inf-SSE_WFS03-082.hdf5,5e-09,5e-09,0.0,6.6e-07,7.071067811865476e-09,7.071067811865476e-09,0.0,0.010713739108887
0.7400000000000003,-3.25e-07,3.25e-07,2023/10/Data_1011/JS633-W2_Wsc@v3.1_Wsc=inf-SSE_WFS03-082.hdf5,5e-09,5e-09,0.0,6.5e-07,7.071067811865476e-09,7.071067811865476e-09,0.0,0.0108785658644084
0.7450000000000003,-3.2e-07,3.2e-07,2023/10/Data_1011/JS633-W2_Wsc@v3.1_Wsc=inf-SSE_WFS03-082.hdf5,5e-09,5e-09,0.0,6.4e-07,7.071067811865476e-09,7.071067811865476e-09,0.0,0.0110485434560398
0.7500000000000003,-3.2e-07,3.2e-07,2023/10/Data_1011/JS633-W2_Wsc@v3.1_Wsc=inf-SSE_WFS03-082.hdf5,5e-09,5e-09,0.0,6.4e-07,7.071067811865476e-09,7.071067811865476e-09,0.0,0.0110485434560398
0.7550000000000003,-3.15e-07,3.15e-07,2023/10/Data_1011/JS633-W2_Wsc@v3.1_Wsc=inf-SSE_WFS03-082.hdf5,5e-09,5e-09,0.0,6.3e-07,7.071067811865476e-09,7.071067811865476e-09,0.0,0.0112239171616912
0.7600000000000003,-3.1e-07,3.1e-07,2023/10/Data_1011/JS633-W2_Wsc@v3.1_Wsc=inf-SSE_WFS03-082.hdf5,5e-09,5e-09,0.0,6.2e-07,7.071067811865476e-09,7.071067811865476e-09,0.0,0.0114049480836539
0.7650000000000003,-3.05e-07,3.05e-07,2023/10/Data_1011/JS633-W2_Wsc@v3.1_Wsc=inf-SSE_WFS03-082.hdf5,5e-09,5e-09,0.0,6.1e-07,7.071067811865476e-09,7.071067811865476e-09,0.0,0.0115919144456811
0.7700000000000004,-3.05e-07,3.05e-07,2023/10/Data_1011/JS633-W2_Wsc@v3.1_Wsc=inf-SSE_WFS03-082.hdf5,5e-09,5e-09,0.0,6.1e-07,7.071067811865476e-09,7.071067811865476e-09,0.0,0.0115919144456811
0.7750000000000004,-3e-07,3e-07,2023/10/Data_1011/JS633-W2_Wsc@v3.1_Wsc=inf-SSE_WFS03-082.hdf5,5e-09,5e-09,0.0,6e-07,7.071067811865476e-09,7.071067811865476e-09,0.0,0.0117851130197757
0.7800000000000004,-2.95e-07,2.95e-07,2023/10/Data_1011/JS633-W2_Wsc@v3.1_Wsc=inf-SSE_WFS03-082.hdf5,5e-09,5e-09,0.0,5.9e-07,7.071067811865476e-09,7.071067811865476e-09,0.0,0.011984860698077
0.7850000000000004,-2.9e-07,2.95e-07,2023/10/Data_1011/JS633-W2_Wsc@v3.1_Wsc=inf-SSE_WFS03-082.hdf5,5e-09,5e-09,5.000000000000005e-09,5.849999999999999e-07,7.071067811865476e-09,7.071067811865476e-09,0.0085470085470085,0.0120877368934899
0.7900000000000004,-2.9e-07,2.9e-07,2023/10/Data_1011/JS633-W2_Wsc@v3.1_Wsc=inf-SSE_WFS03-082.hdf5,5e-09,5e-09,0.0,5.8e-07,7.071067811865476e-09,7.071067811865476e-09,0.0,0.0121914962273542
0.7950000000000004,-2.85e-07,2.85e-07,2023/10/Data_1011/JS633-W2_Wsc@v3.1_Wsc=inf-SSE_WFS03-082.hdf5,5e-09,5e-09,0.0,5.7e-07,7.071067811865476e-09,7.071067811865476e-09,0.0,0.0124053821260797
0.8000000000000004,-2.8e-07,2.85e-07,2023/10/Data_1011/JS633-W2_Wsc@v3.1_Wsc=inf-SSE_WFS03-082.hdf5,5e-09,5e-09,5.000000000000005e-09,5.650000000000001e-07,7.071067811865476e-09,7.071067811865476e-09,0.0088495575221239,0.0125156543196635
0.8050000000000004,-2.8e-07,2.8e-07,2023/10/Data_1011/JS633-W2_Wsc@v3.1_Wsc=inf-SSE_WFS03-082.hdf5,5e-09,5e-09,0.0,5.6e-07,7.071067811865476e-09,7.071067811865476e-09,0.0,0.0126269068069026
0.8100000000000004,-2.75e-07,2.75e-07,2023/10/Data_1011/JS633-W2_Wsc@v3.1_Wsc=inf-SSE_WFS03-082.hdf5,5e-09,5e-09,0.0,5.5e-07,7.071067811865476e-09,7.071067811865476e-09,0.0,0.0128564869306645
0.8150000000000004,-2.7e-07,2.75e-07,2023/10/Data_1011/JS633-W2_Wsc@v3.1_Wsc=inf-SSE_WFS03-082.hdf5,5e-09,5e-09,5.000000000000005e-09,5.450000000000001e-07,7.071067811865476e-09,7.071067811865476e-09,0.0091743119266055,0.012974982356733
0.8200000000000004,-2.65e-07,2.7e-07,2023/10/Data_1011/JS633-W2_Wsc@v3.1_Wsc=inf-SSE_WFS03-082.hdf5,5e-09,5e-09,5.000000000000005e-09,5.35e-07,7.071067811865476e-09,7.071067811865476e-09,0.0093457943925233,0.0132175263782178
0.8250000000000004,-2.65e-07,2.65e-07,2023/10/Data_1011/JS633-W2_Wsc@v3.1_Wsc=inf-SSE_WFS03-082.hdf5,5e-09,5e-09,0.0,5.3e-07,7.071067811865476e-09,7.071067811865476e-09,0.0,0.0133416373808782
0.8300000000000004,-2.6e-07,2.65e-07,2023/10/Data_1011/JS633-W2_Wsc@v3.1_Wsc=inf-SSE_WFS03-082.hdf5,5e-09,5e-09,5.000000000000005e-09,5.250000000000001e-07,7.071067811865476e-09,7.071067811865476e-09,0.0095238095238095,0.0134693114056029
0.8350000000000004,-2.6e-07,2.6e-07,2023/10/Data_1011/JS633-W2_Wsc@v3.1_Wsc=inf-SSE_WFS03-082.hdf5,5e-09,5e-09,0.0,5.2e-07,7.071067811865476e-09,7.071067811865476e-09,0.0,0.0135982073305105
0.8400000000000004,-2.55e-07,2.6e-07,2023/10/Data_1011/JS633-W2_Wsc@v3.1_Wsc=inf-SSE_WFS03-082.hdf5,5e-09,5e-09,5.000000000000005e-09,5.149999999999999e-07,7.071067811865476e-09,7.071067811865476e-09,0.0097087378640776,0.0137308758485287
0.8450000000000004,-2.5e-07,2.55e-07,2023/10/Data_1011/JS633-W2_Wsc@v3.1_Wsc=inf-SSE_WFS03-082.hdf5,5e-09,5e-09,5.000000000000005e-09,5.05e-07,7.071067811865476e-09,7.071067811865476e-09,0.0099009900990099,0.014002800772998
0.8500000000000004,-2.5e-07,2.5e-07,2023/10/Data_1011/JS633-W2_Wsc@v3.1_Wsc=inf-SSE_WFS03-082.hdf5,5e-09,5e-09,0.0,5e-07,7.071067811865476e-09,7.071067811865476e-09,0.0,0.0141421356237309
0.8550000000000004,-2.45e-07,2.5e-07,2023/10/Data_1011/JS633-W2_Wsc@v3.1_Wsc=inf-SSE_WFS03-082.hdf5,5e-09,5e-09,5.000000000000005e-09,4.949999999999999e-07,7.071067811865476e-09,7.071067811865476e-09,0.0101010101010101,0.0142857142113556
0.8600000000000004,-2.4e-07,2.45e-07,2023/10/Data_1011/JS633-W2_Wsc@v3.1_Wsc=inf-SSE_WFS03-082.hdf5,5e-09,5e-09,5.000000000000005e-09,4.85e-07,7.071067811865476e-09,7.071067811865476e-09,0.0103092783505154,0.0145802960056478
0.8650000000000004,-2.4e-07,2.4e-07,2023/10/Data_1011/JS633-W2_Wsc@v3.1_Wsc=inf-SSE_WFS03-082.hdf5,5e-09,5e-09,0.0,4.8e-07,7.071067811865476e-09,7.071067811865476e-09,0.0,0.0147313912747197
0.8700000000000004,-2.3500000000000005e-07,2.4e-07,2023/10/Data_1011/JS633-W2_Wsc@v3.1_Wsc=inf-SSE_WFS03-082.hdf5,5e-09,5e-09,4.9999999999999265e-09,4.75e-07,7.071067811865476e-09,7.071067811865476e-09,0.0105263157894735,0.0148872832629969
0.8750000000000004,-2.3500000000000005e-07,2.3500000000000005e-07,2023/10/Data_1011/JS633-W2_Wsc@v3.1_Wsc=inf-SSE_WFS03-082.hdf5,5e-09,5e-09,0.0,4.700000000000001e-07,7.071067811865476e-09,7.071067811865476e-09,0.0,0.0150448251316286
0.8800000000000004,-2.3000000000000002e-07,2.3000000000000002e-07,2023/10/Data_1011/JS633-W2_Wsc@v3.1_Wsc=inf-SSE_WFS03-082.hdf5,5e-09,5e-09,0.0,4.6000000000000004e-07,7.071067811865476e-09,7.071067811865476e-09,0.0,0.0153718865475336
0.8850000000000005,-2.2500000000000002e-07,2.3000000000000002e-07,2023/10/Data_1011/JS633-W2_Wsc@v3.1_Wsc=inf-SSE_WFS03-082.hdf5,5e-09,5e-09,5.000000000000005e-09,4.5500000000000004e-07,7.071067811865476e-09,7.071067811865476e-09,0.0109890109890109,0.0155417466906858
0.8900000000000005,-2.2500000000000002e-07,2.3000000000000002e-07,2023/10/Data_1011/JS633-W2_Wsc@v3.1_Wsc=inf-SSE_WFS03-082.hdf5,5e-09,5e-09,5.000000000000005e-09,4.5500000000000004e-07,7.071067811865476e-09,7.071067811865476e-09,0.0109890109890109,0.0155417466906858
0.8950000000000005,-2.2e-07,2.2500000000000002e-07,2023/10/Data_1011/JS633-W2_Wsc@v3.1_Wsc=inf-SSE_WFS03-082.hdf5,5e-09,5e-09,5.000000000000005e-09,4.4500000000000003e-07,7.071067811865476e-09,7.071067811865476e-09,0.0112359550561797,0.0158910430274556
0.9000000000000005,-2.2e-07,2.2e-07,2023/10/Data_1011/JS633-W2_Wsc@v3.1_Wsc=inf-SSE_WFS03-082.hdf5,5e-09,5e-09,0.0,4.4e-07,7.071067811865476e-09,7.071067811865476e-09,0.0,0.0160706086633306
0.9050000000000004,-2.15e-07,2.15e-07,2023/10/Data_1011/JS633-W2_Wsc@v3.1_Wsc=inf-SSE_WFS03-082.hdf5,5e-09,5e-09,0.0,4.3e-07,7.071067811865476e-09,7.071067811865476e-09,0.0,0.0164443437485243
0.9100000000000004,-2.1e-07,2.15e-07,2023/10/Data_1011/JS633-W2_Wsc@v3.1_Wsc=inf-SSE_WFS03-082.hdf5,5e-09,5e-09,5.000000000000005e-09,4.25e-07,7.071067811865476e-09,7.071067811865476e-09,0.0117647058823529,0.0166389579816179
0.9150000000000004,-2.1e-07,2.1e-07,2023/10/Data_1011/JS633-W2_Wsc@v3.1_Wsc=inf-SSE_WFS03-082.hdf5,5e-09,5e-09,0.0,4.2e-07,7.071067811865476e-09,7.071067811865476e-09,0.0,0.0168358757425368
0.9200000000000004,-2.0500000000000002e-07,2.0500000000000002e-07,2023/10/Data_1011/JS633-W2_Wsc@v3.1_Wsc=inf-SSE_WFS03-082.hdf5,5e-09,5e-09,0.0,4.1000000000000004e-07,7.071067811865476e-09,7.071067811865476e-09,0.0,0.0172465068582084
0.9250000000000004,-2.0500000000000002e-07,2.0500000000000002e-07,2023/10/Data_1011/JS633-W2_Wsc@v3.1_Wsc=inf-SSE_WFS03-082.hdf5,5e-09,5e-09,0.0,4.1000000000000004e-07,7.071067811865476e-09,7.071067811865476e-09,0.0,0.0172465068582084
0.9300000000000004,-2.0000000000000002e-07,2.0000000000000002e-07,2023/10/Data_1011/JS633-W2_Wsc@v3.1_Wsc=inf-SSE_WFS03-082.hdf5,5e-09,5e-09,0.0,4.0000000000000003e-07,7.071067811865476e-09,7.071067811865476e-09,0.0,0.0176776695296636
0.9350000000000004,-1.95e-07,2.0000000000000002e-07,2023/10/Data_1011/JS633-W2_Wsc@v3.1_Wsc=inf-SSE_WFS03-082.hdf5,5e-09,5e-09,5.000000000000005e-09,3.9500000000000003e-07,7.071067811865476e-09,7.071067811865476e-09,0.0126582278481012,0.0179028716211676
0.9400000000000004,-1.95e-07,1.95e-07,2023/10/Data_1011/JS633-W2_Wsc@v3.1_Wsc=inf-SSE_WFS03-082.hdf5,5e-09,5e-09,0.0,3.9e-07,7.071067811865476e-09,7.071067811865476e-09,0.0,0.0181309431073473
0.9450000000000004,-1.9e-07,1.95e-07,2023/10/Data_1011/JS633-W2_Wsc@v3.1_Wsc=inf-SSE_WFS03-082.hdf5,5e-09,5e-09,5.000000000000005e-09,3.85e-07,7.071067811865476e-09,7.071067811865476e-09,0.012987012987013,0.018367958698009
0.9500000000000004,-1.9e-07,1.9e-07,2023/10/Data_1011/JS633-W2_Wsc@v3.1_Wsc=inf-SSE_WFS03-082.hdf5,5e-09,5e-09,0.0,3.8e-07,7.071067811865476e-09,7.071067811865476e-09,0.0,0.0186080731891196
0.9550000000000004,-1.85e-07,1.9e-07,2023/10/Data_1011/JS633-W2_Wsc@v3.1_Wsc=inf-SSE_WFS03-082.hdf5,5e-09,5e-09,5.000000000000005e-09,3.75e-07,7.071067811865476e-09,7.071067811865476e-09,0.0133333333333333,0.0188578568621171
0.9600000000000004,-1.8e-07,1.85e-07,2023/10/Data_1011/JS633-W2_Wsc@v3.1_Wsc=inf-SSE_WFS03-082.hdf5,5e-09,5e-09,5.000000000000005e-09,3.65e-07,7.071067811865476e-09,7.071067811865476e-09,0.0136986301369863,0.0193746061161798
0.9650000000000004,-1.8e-07,1.85e-07,2023/10/Data_1011/JS633-W2_Wsc@v3.1_Wsc=inf-SSE_WFS03-082.hdf5,5e-09,5e-09,5.000000000000005e-09,3.65e-07,7.071067811865476e-09,7.071067811865476e-09,0.0136986301369863,0.0193746061161798
0.9700000000000004,-1.8e-07,1.8e-07,2023/10/Data_1011/JS633-W2_Wsc@v3.1_Wsc=inf-SSE_WFS03-082.hdf5,5e-09,5e-09,0.0,3.6e-07,7.071067811865476e-09,7.071067811865476e-09,0.0,0.0196418550329596
0.9750000000000004,-1.7500000000000005e-07,1.8e-07,2023/10/Data_1011/JS633-W2_Wsc@v3.1_Wsc=inf-SSE_WFS03-082.hdf5,5e-09,5e-09,4.999999999999952e-09,3.550000000000001e-07,7.071067811865476e-09,7.071067811865476e-09,0.0140845070422533,0.0199204764302847
0.9800000000000004,-1.7500000000000005e-07,1.7500000000000005e-07,2023/10/Data_1011/JS633-W2_Wsc@v3.1_Wsc=inf-SSE_WFS03-082.hdf5,5e-09,5e-09,0.0,3.500000000000001e-07,7.071067811865476e-09,7.071067811865476e-09,0.0,0.0202030508910442
0.9850000000000004,-1.7000000000000001e-07,1.7500000000000005e-07,2023/10/Data_1011/JS633-W2_Wsc@v3.1_Wsc=inf-SSE_WFS03-082.hdf5,5e-09,5e-09,5.0000000000000315e-09,3.450000000000001e-07,7.071067811865476e-09,7.071067811865476e-09,0.0144927536231884,0.0204980010901169
0.9900000000000004,-1.7000000000000001e-07,1.7000000000000001e-07,2023/10/Data_1011/JS633-W2_Wsc@v3.1_Wsc=inf-SSE_WFS03-082.hdf5,5e-09,5e-09,0.0,3.400000000000001e-07,7.071067811865476e-09,7.071067811865476e-09,0.0,0.0207972582701925
0.9950000000000006,-1.65e-07,1.7000000000000001e-07,2023/10/Data_1011/JS633-W2_Wsc@v3.1_Wsc=inf-SSE_WFS03-082.hdf5,5e-09,5e-09,5.000000000000005e-09,3.35e-07,7.071067811865476e-09,7.071067811865476e-09,0.0149253731343283,0.0211100160222448
1.0000000000000004,-1.65e-07,1.65e-07,2023/10/Data_1011/JS633-W2_Wsc@v3.1_Wsc=inf-SSE_WFS03-082.hdf5,5e-09,5e-09,0.0,3.3e-07,7.071067811865476e-09,7.071067811865476e-09,0.0,0.0214274782177741
1.0050000000000006,-1.6e-07,1.6e-07,2023/10/Data_1011/JS633-W2_Wsc@v3.1_Wsc=inf-SSE_WFS03-082.hdf5,5e-09,5e-09,0.0,3.2e-07,7.071067811865476e-09,7.071067811865476e-09,0.0,0.0220970869120796
1.010000000000001,-1.55e-07,1.6e-07,2023/10/Data_1011/JS633-W2_Wsc@v3.1_Wsc=inf-SSE_WFS03-082.hdf5,5e-09,5e-09,5.000000000000005e-09,3.15e-07,7.071067811865476e-09,7.071067811865476e-09,0.0158730158730158,0.0224506620407613
1.0150000000000006,-1.55e-07,1.6e-07,2023/10/Data_1011/JS633-W2_Wsc@v3.1_Wsc=inf-SSE_WFS03-082.hdf5,5e-09,5e-09,5.000000000000005e-09,3.15e-07,7.071067811865476e-09,7.071067811865476e-09,0.0158730158730158,0.0224506620407613
1.0200000000000005,-1.5e-07,1.55e-07,2023/10/Data_1011/JS633-W2_Wsc@v3.1_Wsc=inf-SSE_WFS03-082.hdf5,5e-09,5e-09,5.000000000000005e-09,3.05e-07,7.071067811865476e-09,7.071067811865476e-09,0.0163934426229508,0.0231869439506831
1.0250000000000006,-1.5e-07,1.55e-07,2023/10/Data_1011/JS633-W2_Wsc@v3.1_Wsc=inf-SSE_WFS03-082.hdf5,5e-09,5e-09,5.000000000000005e-09,3.05e-07,7.071067811865476e-09,7.071067811865476e-09,0.0163934426229508,0.0231869439506831
1.0300000000000007,-1.45e-07,1.5e-07,2023/10/Data_1011/JS633-W2_Wsc@v3.1_Wsc=inf-SSE_WFS03-082.hdf5,5e-09,5e-09,5.000000000000005e-09,2.95e-07,7.071067811865476e-09,7.071067811865476e-09,0.0169491525423729,0.0239731640850618
1.0350000000000006,-1.45e-07,1.5e-07,2023/10/Data_1011/JS633-W2_Wsc@v3.1_Wsc=inf-SSE_WFS03-082.hdf5,5e-09,5e-09,5.000000000000005e-09,2.95e-07,7.071067811865476e-09,7.071067811865476e-09,0.0169491525423729,0.0239731640850618
1.0400000000000005,-1.45e-07,1.45e-07,2023/10/Data_1011/JS633-W2_Wsc@v3.1_Wsc=inf-SSE_WFS03-082.hdf5,5e-09,5e-09,0.0,2.9e-07,7.071067811865476e-09,7.071067811865476e-09,0.0,0.0243829924547085
1.0450000000000006,-1.4e-07,1.45e-07,2023/10/Data_1011/JS633-W2_Wsc@v3.1_Wsc=inf-SSE_WFS03-082.hdf5,5e-09,5e-09,4.9999999999999794e-09,2.85e-07,7.071067811865476e-09,7.071067811865476e-09,0.0175438596491227,0.0248145821738952
1.0500000000000007,-1.4e-07,1.45e-07,2023/10/Data_1011/JS633-W2_Wsc@v3.1_Wsc=inf-SSE_WFS03-082.hdf5,5e-09,5e-09,4.9999999999999794e-09,2.85e-07,7.071067811865476e-09,7.071067811865476e-09,0.0175438596491227,0.0248145821738952
1.0550000000000006,-1.35e-07,1.4e-07,2023/10/Data_1011/JS633-W2_Wsc@v3.1_Wsc=inf-SSE_WFS03-082.hdf5,5e-09,5e-09,5.000000000000005e-09,2.75e-07,7.071067811865476e-09,7.071067811865476e-09,0.0181818181818182,0.025717223588465
1.0600000000000005,-1.35e-07,1.4e-07,2023/10/Data_1011/JS633-W2_Wsc@v3.1_Wsc=inf-SSE_WFS03-082.hdf5,5e-09,5e-09,5.000000000000005e-09,2.75e-07,7.071067811865476e-09,7.071067811865476e-09,0.0181818181818182,0.025717223588465
1.0650000000000006,-1.35e-07,1.35e-07,2023/10/Data_1011/JS633-W2_Wsc@v3.1_Wsc=inf-SSE_WFS03-082.hdf5,5e-09,5e-09,0.0,2.7e-07,7.071067811865476e-09,7.071067811865476e-09,0.0,0.0261891400439462
1.0700000000000007,-1.3e-07,1.35e-07,2023/10/Data_1011/JS633-W2_Wsc@v3.1_Wsc=inf-SSE_WFS03-082.hdf5,5e-09,5e-09,5.000000000000005e-09,2.65e-07,7.071067811865476e-09,7.071067811865476e-09,0.0188679245283019,0.0266880239430278
1.0750000000000006,-1.3e-07,1.3e-07,2023/10/Data_1011/JS633-W2_Wsc@v3.1_Wsc=inf-SSE_WFS03-082.hdf5,5e-09,5e-09,0.0,2.6e-07,7.071067811865476e-09,7.071067811865476e-09,0.0,0.027196414661021
1.0800000000000003,-1.3e-07,1.3e-07,2023/10/Data_1011/JS633-W2_Wsc@v3.1_Wsc=inf-SSE_WFS03-082.hdf5,5e-09,5e-09,0.0,2.6e-07,7.071067811865476e-09,7.071067811865476e-09,0.0,0.027196414661021
1.0850000000000006,-1.25e-07,1.25e-07,2023/10/Data_1011/JS633-W2_Wsc@v3.1_Wsc=inf-SSE_WFS03-082.hdf5,5e-09,5e-09,0.0,2.5e-07,7.071067811865476e-09,7.071067811865476e-09,0.0,0.0282842712474619
1.0900000000000007,-1.2e-07,1.25e-07,2023/10/Data_1011/JS633-W2_Wsc@v3.1_Wsc=inf-SSE_WFS03-082.hdf5,5e-09,5e-09,5.000000000000005e-09,2.45e-07,7.071067811865476e-09,7.071067811865476e-09,0.0204081632653061,0.0288675109557075
1.0950000000000006,-1.25e-07,1.25e-07,2023/10/Data_1011/JS633-W2_Wsc@v3.1_Wsc=inf-SSE_WFS03-082.hdf5,5e-09,5e-09,0.0,2.5e-07,7.071067811865476e-09,7.071067811865476e-09,0.0,0.0282842712474619
1.1000000000000003,-1.2e-07,1.25e-07,2023/10/Data_1011/JS633-W2_Wsc@v3.1_Wsc=inf-SSE_WFS03-082.hdf5,5e-09,5e-09,5.000000000000005e-09,2.45e-07,7.071067811865476e-09,7.071067811865476e-09,0.0204081632653061,0.0288675109557075
1.1050000000000006,-1.1500000000000001e-07,1.2e-07,2023/10/Data_1011/JS633-W2_Wsc@v3.1_Wsc=inf-SSE_WFS03-082.hdf5,5e-09,5e-09,4.9999999999999794e-09,2.35e-07,7.071067811865476e-09,7.071067811865476e-09,0.0212765957446807,0.0300964601875865
1.1100000000000008,-1.1500000000000001e-07,1.2e-07,2023/10/Data_1011/JS633-W2_Wsc@v3.1_Wsc=inf-SSE_WFS03-082.hdf5,5e-09,5e-09,4.9999999999999794e-09,2.35e-07,7.071067811865476e-09,7.071067811865476e-09,0.0212765957446807,0.0300964601875865
1.1150000000000009,-1.1500000000000001e-07,1.1500000000000001e-07,2023/10/Data_1011/JS633-W2_Wsc@v3.1_Wsc=inf-SSE_WFS03-082.hdf5,5e-09,5e-09,0.0,2.3000000000000002e-07,7.071067811865476e-09,7.071067811865476e-09,0.0,0.0307437730950672
1.1200000000000006,-1.1500000000000001e-07,1.1500000000000001e-07,2023/10/Data_1011/JS633-W2_Wsc@v3.1_Wsc=inf-SSE_WFS03-082.hdf5,5e-09,5e-09,0.0,2.3000000000000002e-07,7.071067811865476e-09,7.071067811865476e-09,0.0,0.0307437730950672
1.1250000000000009,-1.1e-07,1.1500000000000001e-07,2023/10/Data_1011/JS633-W2_Wsc@v3.1_Wsc=inf-SSE_WFS03-082.hdf5,5e-09,5e-09,5.000000000000005e-09,2.2500000000000002e-07,7.071067811865476e-09,7.071067811865476e-09,0.0222222222222222,0.0314347268401768
1.1300000000000008,-1.1e-07,1.1500000000000001e-07,2023/10/Data_1011/JS633-W2_Wsc@v3.1_Wsc=inf-SSE_WFS03-082.hdf5,5e-09,5e-09,5.000000000000005e-09,2.2500000000000002e-07,7.071067811865476e-09,7.071067811865476e-09,0.0222222222222222,0.0314347268401768
1.135000000000001,-1.1e-07,1.1e-07,2023/10/Data_1011/JS633-W2_Wsc@v3.1_Wsc=inf-SSE_WFS03-082.hdf5,5e-09,5e-09,0.0,2.2e-07,7.071067811865476e-09,7.071067811865476e-09,0.0,0.0321412173266612
1.1400000000000006,-1.1e-07,1.1e-07,2023/10/Data_1011/JS633-W2_Wsc@v3.1_Wsc=inf-SSE_WFS03-082.hdf5,5e-09,5e-09,0.0,2.2e-07,7.071067811865476e-09,7.071067811865476e-09,0.0,0.0321412173266612
1.145000000000001,-1.05e-07,1.1e-07,2023/10/Data_1011/JS633-W2_Wsc@v3.1_Wsc=inf-SSE_WFS03-082.hdf5,5e-09,5e-09,5.000000000000005e-09,2.15e-07,7.071067811865476e-09,7.071067811865476e-09,0.0232558139534883,0.0328975799367129
1.1500000000000008,-1.05e-07,1.05e-07,2023/10/Data_1011/JS633-W2_Wsc@v3.1_Wsc=inf-SSE_WFS03-082.hdf5,5e-09,5e-09,0.0,2.1e-07,7.071067811865476e-09,7.071067811865476e-09,0.0,0.0336717514850736
1.1550000000000007,-1.05e-07,1.1e-07,2023/10/Data_1011/JS633-W2_Wsc@v3.1_Wsc=inf-SSE_WFS03-082.hdf5,5e-09,5e-09,5.000000000000005e-09,2.15e-07,7.071067811865476e-09,7.071067811865476e-09,0.0232558139534883,0.0328975799367129
1.1600000000000006,-1.05e-07,1.05e-07,2023/10/Data_1011/JS633-W2_Wsc@v3.1_Wsc=inf-SSE_WFS03-082.hdf5,5e-09,5e-09,0.0,2.1e-07,7.071067811865476e-09,7.071067811865476e-09,0.0,0.0336717514850736
1.1650000000000007,-1.05e-07,1.05e-07,2023/10/Data_1011/JS633-W2_Wsc@v3.1_Wsc=inf-SSE_WFS03-082.hdf5,5e-09,5e-09,0.0,2.1e-07,7.071067811865476e-09,7.071067811865476e-09,0.0,0.0336717514850736
1.1700000000000008,-1.0000000000000001e-07,1.0000000000000001e-07,2023/10/Data_1011/JS633-W2_Wsc@v3.1_Wsc=inf-SSE_WFS03-082.hdf5,5e-09,5e-09,0.0,2.0000000000000002e-07,7.071067811865476e-09,7.071067811865476e-09,0.0,0.0353553390593273
1.1750000000000007,-1.0000000000000001e-07,1.0000000000000001e-07,2023/10/Data_1011/JS633-W2_Wsc@v3.1_Wsc=inf-SSE_WFS03-082.hdf5,5e-09,5e-09,0.0,2.0000000000000002e-07,7.071067811865476e-09,7.071067811865476e-09,0.0,0.0353553390593273
1.1800000000000006,-9.5e-08,1.0000000000000001e-07,2023/10/Data_1011/JS633-W2_Wsc@v3.1_Wsc=inf-SSE_WFS03-082.hdf5,5e-09,5e-09,5.000000000000005e-09,1.95e-07,7.071067811865476e-09,7.071067811865476e-09,0.0256410256410256,0.0362738046657034
1.1850000000000007,-9.5e-08,1.0000000000000001e-07,2023/10/Data_1011/JS633-W2_Wsc@v3.1_Wsc=inf-SSE_WFS03-082.hdf5,5e-09,5e-09,5.000000000000005e-09,1.95e-07,7.071067811865476e-09,7.071067811865476e-09,0.0256410256410256,0.0362738046657034
1.1900000000000008,-9.5e-08,9.5e-08,2023/10/Data_1011/JS633-W2_Wsc@v3.1_Wsc=inf-SSE_WFS03-082.hdf5,5e-09,5e-09,0.0,1.9e-07,7.071067811865476e-09,7.071067811865476e-09,0.0,0.0372161463782393
1.1950000000000007,-9.5e-08,1.0000000000000001e-07,2023/10/Data_1011/JS633-W2_Wsc@v3.1_Wsc=inf-SSE_WFS03-082.hdf5,5e-09,5e-09,5.000000000000005e-09,1.95e-07,7.071067811865476e-09,7.071067811865476e-09,0.0256410256410256,0.0362738046657034
1.2000000000000006,-9.5e-08,9.5e-08,2023/10/Data_1011/JS633-W2_Wsc@v3.1_Wsc=inf-SSE_WFS03-082.hdf5,5e-09,5e-09,0.0,1.9e-07,7.071067811865476e-09,7.071067811865476e-09,0.0,0.0372161463782393
1.2050000000000007,-9e-08,9.5e-08,2023/10/Data_1011/JS633-W2_Wsc@v3.1_Wsc=inf-SSE_WFS03-082.hdf5,5e-09,5e-09,5.000000000000005e-09,1.85e-07,7.071067811865476e-09,7.071067811865476e-09,0.027027027027027,0.0382359454442729
1.2100000000000009,-9e-08,9e-08,2023/10/Data_1011/JS633-W2_Wsc@v3.1_Wsc=inf-SSE_WFS03-082.hdf5,5e-09,5e-09,0.0,1.8e-07,7.071067811865476e-09,7.071067811865476e-09,0.0,0.0392837100659193
1.2150000000000007,-9e-08,9.5e-08,2023/10/Data_1011/JS633-W2_Wsc@v3.1_Wsc=inf-SSE_WFS03-082.hdf5,5e-09,5e-09,5.000000000000005e-09,1.85e-07,7.071067811865476e-09,7.071067811865476e-09,0.027027027027027,0.0382359454442729
1.2200000000000006,-9e-08,9e-08,2023/10/Data_1011/JS633-W2_Wsc@v3.1_Wsc=inf-SSE_WFS03-082.hdf5,5e-09,5e-09,0.0,1.8e-07,7.071067811865476e-09,7.071067811865476e-09,0.0,0.0392837100659193
1.2250000000000008,-9e-08,9.5e-08,2023/10/Data_1011/JS633-W2_Wsc@v3.1_Wsc=inf-SSE_WFS03-082.hdf5,5e-09,5e-09,5.000000000000005e-09,1.85e-07,7.071067811865476e-09,7.071067811865476e-09,0.027027027027027,0.0382359454442729
1.2300000000000009,-8.500000000000003e-08,9e-08,2023/10/Data_1011/JS633-W2_Wsc@v3.1_Wsc=inf-SSE_WFS03-082.hdf5,5e-09,5e-09,4.999999999999965e-09,1.7500000000000005e-07,7.071067811865476e-09,7.071067811865476e-09,0.0285714285714283,0.0404225907041304
1.2350000000000008,-9e-08,9e-08,2023/10/Data_1011/JS633-W2_Wsc@v3.1_Wsc=inf-SSE_WFS03-082.hdf5,5e-09,5e-09,0.0,1.8e-07,7.071067811865476e-09,7.071067811865476e-09,0.0,0.0392837100659193
1.2400000000000009,-8.500000000000003e-08,9e-08,2023/10/Data_1011/JS633-W2_Wsc@v3.1_Wsc=inf-SSE_WFS03-082.hdf5,5e-09,5e-09,4.999999999999965e-09,1.7500000000000005e-07,7.071067811865476e-09,7.071067811865476e-09,0.0285714285714283,0.0404225907041304
1.2450000000000008,-8.500000000000003e-08,9e-08,2023/10/Data_1011/JS633-W2_Wsc@v3.1_Wsc=inf-SSE_WFS03-082.hdf5,5e-09,5e-09,4.999999999999965e-09,1.7500000000000005e-07,7.071067811865476e-09,7.071067811865476e-09,0.0285714285714283,0.0404225907041304
1.2500000000000009,-8.500000000000003e-08,8.500000000000003e-08,2023/10/Data_1011/JS633-W2_Wsc@v3.1_Wsc=inf-SSE_WFS03-082.hdf5,5e-09,5e-09,0.0,1.700000000000001e-07,7.071067811865476e-09,7.071067811865476e-09,0.0,0.0415945165403851
1.2550000000000008,-8.500000000000003e-08,8.500000000000003e-08,2023/10/Data_1011/JS633-W2_Wsc@v3.1_Wsc=inf-SSE_WFS03-082.hdf5,5e-09,5e-09,0.0,1.700000000000001e-07,7.071067811865476e-09,7.071067811865476e-09,0.0,0.0415945165403851
1.260000000000001,-8e-08,8.500000000000003e-08,2023/10/Data_1011/JS633-W2_Wsc@v3.1_Wsc=inf-SSE_WFS03-082.hdf5,5e-09,5e-09,5.0000000000000315e-09,1.6500000000000006e-07,7.071067811865476e-09,7.071067811865476e-09,0.0303030303030304,0.0428746282091046
1.2650000000000008,-8.500000000000003e-08,8.500000000000003e-08,2023/10/Data_1011/JS633-W2_Wsc@v3.1_Wsc=inf-SSE_WFS03-082.hdf5,5e-09,5e-09,0.0,1.700000000000001e-07,7.071067811865476e-09,7.071067811865476e-09,0.0,0.0415945165403851
1.270000000000001,-8e-08,8e-08,2023/10/Data_1011/JS633-W2_Wsc@v3.1_Wsc=inf-SSE_WFS03-082.hdf5,5e-09,5e-09,0.0,1.6e-07,7.071067811865476e-09,7.071067811865476e-09,0.0,0.0441941738241592
1.2750000000000008,-8e-08,8.500000000000003e-08,2023/10/Data_1011/JS633-W2_Wsc@v3.1_Wsc=inf-SSE_WFS03-082.hdf5,5e-09,5e-09,5.0000000000000315e-09,1.6500000000000006e-07,7.071067811865476e-09,7.071067811865476e-09,0.0303030303030304,0.0428746282091046
1.2800000000000007,-8e-08,8.500000000000003e-08,2023/10/Data_1011/JS633-W2_Wsc@v3.1_Wsc=inf-SSE_WFS03-082.hdf5,5e-09,5e-09,5.0000000000000315e-09,1.6500000000000006e-07,7.071067811865476e-09,7.071067811865476e-09,0.0303030303030304,0.0428746282091046
1.2850000000000008,-7.5e-08,8e-08,2023/10/Data_1011/JS633-W2_Wsc@v3.1_Wsc=inf-SSE_WFS03-082.hdf5,5e-09,5e-09,5.000000000000005e-09,1.55e-07,7.071067811865476e-09,7.071067811865476e-09,0.032258064516129,0.0456435217470578
1.290000000000001,-7.5e-08,8.500000000000003e-08,2023/10/Data_1011/JS633-W2_Wsc@v3.1_Wsc=inf-SSE_WFS03-082.hdf5,5e-09,5e-09,1.0000000000000037e-08,1.6000000000000006e-07,7.071067811865476e-09,7.071067811865476e-09,0.0625000000000002,0.0442804064404477
1.2950000000000008,-7.5e-08,7.5e-08,2023/10/Data_1011/JS633-W2_Wsc@v3.1_Wsc=inf-SSE_WFS03-082.hdf5,5e-09,5e-09,0.0,1.5e-07,7.071067811865476e-09,7.071067811865476e-09,0.0,0.0471404520791031
1.3000000000000007,-8e-08,8e-08,2023/10/Data_1011/JS633-W2_Wsc@v3.1_Wsc=inf-SSE_WFS03-082.hdf5,5e-09,5e-09,0.0,1.6e-07,7.071067811865476e-09,7.071067811865476e-09,0.0,0.0441941738241592
1.3050000000000008,-7.5e-08,7.5e-08,2023/10/Data_1011/JS633-W2_Wsc@v3.1_Wsc=inf-SSE_WFS03-082.hdf5,5e-09,5e-09,0.0,1.5e-07,7.071067811865476e-09,7.071067811865476e-09,0.0,0.0471404520791031
1.310000000000001,-7.5e-08,7.5e-08,2023/10/Data_1011/JS633-W2_Wsc@v3.1_Wsc=inf-SSE_WFS03-082.hdf5,5e-09,5e-09,0.0,1.5e-07,7.071067811865476e-09,7.071067811865476e-09,0.0,0.0471404520791031
1.3150000000000008,-7.5e-08,7.5e-08,2023/10/Data_1011/JS633-W2_Wsc@v3.1_Wsc=inf-SSE_WFS03-082.hdf5,5e-09,5e-09,0.0,1.5e-07,7.071067811865476e-09,7.071067811865476e-09,0.0,0.0471404520791031
1.3200000000000007,-7.5e-08,7.5e-08,2023/10/Data_1011/JS633-W2_Wsc@v3.1_Wsc=inf-SSE_WFS03-082.hdf5,5e-09,5e-09,0.0,1.5e-07,7.071067811865476e-09,7.071067811865476e-09,0.0,0.0471404520791031
1.3250000000000008,-7.5e-08,7.5e-08,2023/10/Data_1011/JS633-W2_Wsc@v3.1_Wsc=inf-SSE_WFS03-082.hdf5,5e-09,5e-09,0.0,1.5e-07,7.071067811865476e-09,7.071067811865476e-09,0.0,0.0471404520791031
1.330000000000001,-7.5e-08,7.5e-08,2023/10/Data_1011/JS633-W2_Wsc@v3.1_Wsc=inf-SSE_WFS03-082.hdf5,5e-09,5e-09,0.0,1.5e-07,7.071067811865476e-09,7.071067811865476e-09,0.0,0.0471404520791031
1.3350000000000009,-7.5e-08,7.5e-08,2023/10/Data_1011/JS633-W2_Wsc@v3.1_Wsc=inf-SSE_WFS03-082.hdf5,5e-09,5e-09,0.0,1.5e-07,7.071067811865476e-09,7.071067811865476e-09,0.0,0.0471404520791031
1.3400000000000007,-7.5e-08,7.5e-08,2023/10/Data_1011/JS633-W2_Wsc@v3.1_Wsc=inf-SSE_WFS03-082.hdf5,5e-09,5e-09,0.0,1.5e-07,7.071067811865476e-09,7.071067811865476e-09,0.0,0.0471404520791031
1.3450000000000009,-7e-08,7.5e-08,2023/10/Data_1011/JS633-W2_Wsc@v3.1_Wsc=inf-SSE_WFS03-082.hdf5,5e-09,5e-09,4.999999999999992e-09,1.45e-07,7.071067811865476e-09,7.071067811865476e-09,0.0344827586206896,0.0487949691526354
1.350000000000001,-7.5e-08,7e-08,2023/10/Data_1011/JS633-W2_Wsc@v3.1_Wsc=inf-SSE_WFS03-082.hdf5,5e-09,5e-09,-4.999999999999992e-09,1.45e-07,7.071067811865476e-09,7.071067811865476e-09,-0.0344827586206896,0.0487949691526354
1.3550000000000009,-7e-08,7.5e-08,2023/10/Data_1011/JS633-W2_Wsc@v3.1_Wsc=inf-SSE_WFS03-082.hdf5,5e-09,5e-09,4.999999999999992e-09,1.45e-07,7.071067811865476e-09,7.071067811865476e-09,0.0344827586206896,0.0487949691526354
1.3600000000000008,-7e-08,7e-08,2023/10/Data_1011/JS633-W2_Wsc@v3.1_Wsc=inf-SSE_WFS03-082.hdf5,5e-09,5e-09,0.0,1.4e-07,7.071067811865476e-09,7.071067811865476e-09,0.0,0.0505076272276105
1.3650000000000009,-7e-08,7e-08,2023/10/Data_1011/JS633-W2_Wsc@v3.1_Wsc=inf-SSE_WFS03-082.hdf5,5e-09,5e-09,0.0,1.4e-07,7.071067811865476e-09,7.071067811865476e-09,0.0,0.0505076272276105
1.370000000000001,-7e-08,7.5e-08,2023/10/Data_1011/JS633-W2_Wsc@v3.1_Wsc=inf-SSE_WFS03-082.hdf5,5e-09,5e-09,4.999999999999992e-09,1.45e-07,7.071067811865476e-09,7.071067811865476e-09,0.0344827586206896,0.0487949691526354
1.3750000000000009,-7e-08,7e-08,2023/10/Data_1011/JS633-W2_Wsc@v3.1_Wsc=inf-SSE_WFS03-082.hdf5,5e-09,5e-09,0.0,1.4e-07,7.071067811865476e-09,7.071067811865476e-09,0.0,0.0505076272276105
1.3800000000000008,-7e-08,7e-08,2023/10/Data_1011/JS633-W2_Wsc@v3.1_Wsc=inf-SSE_WFS03-082.hdf5,5e-09,5e-09,0.0,1.4e-07,7.071067811865476e-09,7.071067811865476e-09,0.0,0.0505076272276105
1.385000000000001,-7e-08,7e-08,2023/10/Data_1011/JS633-W2_Wsc@v3.1_Wsc=inf-SSE_WFS03-082.hdf5,5e-09,5e-09,0.0,1.4e-07,7.071067811865476e-09,7.071067811865476e-09,0.0,0.0505076272276105
1.390000000000001,-7e-08,7e-08,2023/10/Data_1011/JS633-W2_Wsc@v3.1_Wsc=inf-SSE_WFS03-082.hdf5,5e-09,5e-09,0.0,1.4e-07,7.071067811865476e-09,7.071067811865476e-09,0.0,0.0505076272276105
1.395000000000001,-7e-08,7e-08,2023/10/Data_1011/JS633-W2_Wsc@v3.1_Wsc=inf-SSE_WFS03-082.hdf5,5e-09,5e-09,0.0,1.4e-07,7.071067811865476e-09,7.071067811865476e-09,0.0,0.0505076272276105
1.4000000000000008,-6.5e-08,7e-08,2023/10/Data_1011/JS633-W2_Wsc@v3.1_Wsc=inf-SSE_WFS03-082.hdf5,5e-09,5e-09,5.000000000000005e-09,1.35e-07,7.071067811865476e-09,7.071067811865476e-09,0.037037037037037,0.0524141925227511
1.405000000000001,-7e-08,7e-08,2023/10/Data_1011/JS633-W2_Wsc@v3.1_Wsc=inf-SSE_WFS03-082.hdf5,5e-09,5e-09,0.0,1.4e-07,7.071067811865476e-09,7.071067811865476e-09,0.0,0.0505076272276105
1.410000000000001,-7e-08,7e-08,2023/10/Data_1011/JS633-W2_Wsc@v3.1_Wsc=inf-SSE_WFS03-082.hdf5,5e-09,5e-09,0.0,1.4e-07,7.071067811865476e-09,7.071067811865476e-09,0.0,0.0505076272276105
1.415000000000001,-7.5e-08,7e-08,2023/10/Data_1011/JS633-W2_Wsc@v3.1_Wsc=inf-SSE_WFS03-082.hdf5,5e-09,5e-09,-4.999999999999992e-09,1.45e-07,7.071067811865476e-09,7.071067811865476e-09,-0.0344827586206896,0.0487949691526354
1.4200000000000008,-7e-08,7e-08,2023/10/Data_1011/JS633-W2_Wsc@v3.1_Wsc=inf-SSE_WFS03-082.hdf5,5e-09,5e-09,0.0,1.4e-07,7.071067811865476e-09,7.071067811865476e-09,0.0,0.0505076272276105
1.425000000000001,-7e-08,7e-08,2023/10/Data_1011/JS633-W2_Wsc@v3.1_Wsc=inf-SSE_WFS03-082.hdf5,5e-09,5e-09,0.0,1.4e-07,7.071067811865476e-09,7.071067811865476e-09,0.0,0.0505076272276105
1.430000000000001,-7e-08,7e-08,2023/10/Data_1011/JS633-W2_Wsc@v3.1_Wsc=inf-SSE_WFS03-082.hdf5,5e-09,5e-09,0.0,1.4e-07,7.071067811865476e-09,7.071067811865476e-09,0.0,0.0505076272276105
1.435000000000001,-6.5e-08,7e-08,2023/10/Data_1011/JS633-W2_Wsc@v3.1_Wsc=inf-SSE_WFS03-082.hdf5,5e-09,5e-09,5.000000000000005e-09,1.35e-07,7.071067811865476e-09,7.071067811865476e-09,0.037037037037037,0.0524141925227511
1.4400000000000008,-6.5e-08,7e-08,2023/10/Data_1011/JS633-W2_Wsc@v3.1_Wsc=inf-SSE_WFS03-082.hdf5,5e-09,5e-09,5.000000000000005e-09,1.35e-07,7.071067811865476e-09,7.071067811865476e-09,0.037037037037037,0.0524141925227511
1.445000000000001,-6.5e-08,6.5e-08,2023/10/Data_1011/JS633-W2_Wsc@v3.1_Wsc=inf-SSE_WFS03-082.hdf5,5e-09,5e-09,0.0,1.3e-07,7.071067811865476e-09,7.071067811865476e-09,0.0,0.0543928293220421
1.450000000000001,-6.5e-08,6.5e-08,2023/10/Data_1011/JS633-W2_Wsc@v3.1_Wsc=inf-SSE_WFS03-082.hdf5,5e-09,5e-09,0.0,1.3e-07,7.071067811865476e-09,7.071067811865476e-09,0.0,0.0543928293220421
1.455000000000001,-6.5e-08,7e-08,2023/10/Data_1011/JS633-W2_Wsc@v3.1_Wsc=inf-SSE_WFS03-082.hdf5,5e-09,5e-09,5.000000000000005e-09,1.35e-07,7.071067811865476e-09,7.071067811865476e-09,0.037037037037037,0.0524141925227511
1.4600000000000009,-6e-08,6.5e-08,2023/10/Data_1011/JS633-W2_Wsc@v3.1_Wsc=inf-SSE_WFS03-082.hdf5,5e-09,5e-09,5.000000000000005e-09,1.25e-07,7.071067811865476e-09,7.071067811865476e-09,0.04,0.0566137792414532
1.465000000000001,-6.5e-08,6.5e-08,2023/10/Data_1011/JS633-W2_Wsc@v3.1_Wsc=inf-SSE_WFS03-082.hdf5,5e-09,5e-09,0.0,1.3e-07,7.071067811865476e-09,7.071067811865476e-09,0.0,0.0543928293220421
1.470000000000001,-6.5e-08,6.5e-08,2023/10/Data_1011/JS633-W2_Wsc@v3.1_Wsc=inf-SSE_WFS03-082.hdf5,5e-09,5e-09,0.0,1.3e-07,7.071067811865476e-09,7.071067811865476e-09,0.0,0.0543928293220421
1.475000000000001,-6.5e-08,6e-08,2023/10/Data_1011/JS633-W2_Wsc@v3.1_Wsc=inf-SSE_WFS03-082.hdf5,5e-09,5e-09,-5.000000000000005e-09,1.25e-07,7.071067811865476e-09,7.071067811865476e-09,-0.04,0.0566137792414532
1.4800000000000009,-7e-08,6.5e-08,2023/10/Data_1011/JS633-W2_Wsc@v3.1_Wsc=inf-SSE_WFS03-082.hdf5,5e-09,5e-09,-5.000000000000005e-09,1.35e-07,7.071067811865476e-09,7.071067811865476e-09,-0.037037037037037,0.0524141925227511
1.485000000000001,-6.5e-08,6.5e-08,2023/10/Data_1011/JS633-W2_Wsc@v3.1_Wsc=inf-SSE_WFS03-082.hdf5,5e-09,5e-09,0.0,1.3e-07,7.071067811865476e-09,7.071067811865476e-09,0.0,0.0543928293220421
1.490000000000001,-6e-08,6.5e-08,2023/10/Data_1011/JS633-W2_Wsc@v3.1_Wsc=inf-SSE_WFS03-082.hdf5,5e-09,5e-09,5.000000000000005e-09,1.25e-07,7.071067811865476e-09,7.071067811865476e-09,0.04,0.0566137792414532
1.495000000000001,-6.5e-08,7e-08,2023/10/Data_1011/JS633-W2_Wsc@v3.1_Wsc=inf-SSE_WFS03-082.hdf5,5e-09,5e-09,5.000000000000005e-09,1.35e-07,7.071067811865476e-09,7.071067811865476e-09,0.037037037037037,0.0524141925227511
