VectorMagnet - Field Z,ic+,ic-,center+,center-,ic+ from fit,ic- from fit,rmse+,rmse-,#points in +fit,#points in -fit,datafile,delta,delta_err,sigma,sigma_err,eta,eta_err
-0.6,7.551358252681737e-08,-7.651376695107374e-08,-0.0003018405023601,-0.0002768942188625,7.45027044768751e-08,-7.449752112503464e-08,1.1070231454422863e-09,1.063846843552927e-09,35,29,2023/11/Data_1118/JS633-W2_Wsc@v3.1_Wsc=0.3um-N_WFS04-078.hdf5,5.183351840460743e-12,1.5353404674802457e-09,1.4900022560190976e-07,1.5353404674802457e-09,3.4787543572647496e-05,0.010304282843915245
-0.575,9.692733935232493e-08,-9.875929569868969e-08,-0.0002653610132326,-0.0002445342216387,9.502346276403217e-08,-9.66996665968635e-08,1.032313110565178e-09,9.89265867596702e-10,33,33,2023/11/Data_1118/JS633-W2_Wsc@v3.1_Wsc=0.3um-N_WFS04-079.hdf5,-1.6762038328313313e-09,1.4297962494833341e-09,1.917231293608957e-07,1.4297962494833341e-09,-0.008742835767488853,0.007457894610839104
-0.55,1.2873705500488297e-07,-1.319414934878501e-07,-0.0002198689682974,-0.0002161692744256,1.275432815472288e-07,-1.3058600408916045e-07,8.99208755996424e-10,1.001610487564982e-09,37,39,2023/11/Data_1118/JS633-W2_Wsc@v3.1_Wsc=0.3um-N_WFS04-081.hdf5,-3.04272254193166e-09,1.3460311867340956e-09,2.5812928563638924e-07,1.3460311867340956e-09,-0.011787591378599927,0.005214924350307091
-0.525,1.748483509659483e-07,-1.802770459689081e-07,-0.00017794154163,-0.0001650022599087,1.736899380540091e-07,-1.803989147737969e-07,1.2719135736671822e-09,9.114726772953419e-10,43,43,2023/11/Data_1118/JS633-W2_Wsc@v3.1_Wsc=0.3um-N_WFS04-082.hdf5,-6.708976719787796e-09,1.5647832374916217e-09,3.5408885282780597e-07,1.5647832374916217e-09,-0.018947155964410954,0.004419975591574344
-0.5,2.347839642571731e-07,-2.452146556040305e-07,-0.0001404212957356,-0.0001300727172831,2.3448637683815981e-07,-2.449613589550877e-07,6.734868256641635e-10,7.146247939210215e-10,45,47,2023/11/Data_1118/JS633-W2_Wsc@v3.1_Wsc=0.3um-N_WFS04-083.hdf5,-1.0474982116927903e-08,9.8197408337993e-10,4.794477357932475e-07,9.8197408337993e-10,-0.021848016655239843,0.0020486245899184016
-0.475,3.072975990835075e-07,-3.225252217850408e-07,-0.0001106687812908,-9.766962772141067e-05,3.0740385680220645e-07,-3.2274235761755416e-07,4.685831021274321e-10,4.3299188546830855e-10,47,45,2023/11/Data_1118/JS633-W2_Wsc@v3.1_Wsc=0.3um-N_WFS04-084.hdf5,-1.533850081534771e-08,6.380063451728113e-10,6.301462144197606e-07,6.380063451728113e-10,-0.024341177435258293,0.00101277340036595
-0.45,3.8533955227059145e-07,-4.054221824457314e-07,-9.157354085552024e-05,-7.641853451766583e-05,3.849411529731216e-07,-4.0565324879419e-07,5.766249725504688e-10,1.222420807006361e-09,59,61,2023/11/Data_1118/JS633-W2_Wsc@v3.1_Wsc=0.3um-N_WFS04-085.hdf5,-2.071209582106843e-08,1.3515949794116994e-09,7.905944017673116e-07,1.3515949794116994e-09,-0.026198131146347822,0.001710179992524752
-0.425,4.692352525315683e-07,-4.957029432463868e-07,-8.115784559206293e-05,-6.438956948198138e-05,4.6819388901728533e-07,-4.947866397492585e-07,8.247595470745296e-10,9.702129089659058e-10,61,59,2023/11/Data_1118/JS633-W2_Wsc@v3.1_Wsc=0.3um-N_WFS04-085.hdf5,-2.6592750731973155e-08,1.2733975809678091e-09,9.629805287665439e-07,1.2733975809678091e-09,-0.02761504509965025,0.001322854399407228
-0.4,5.531337135719706e-07,-5.881717637686874e-07,-7.192112096452662e-05,-5.6417408961426415e-05,5.530224719171745e-07,-5.875059245499364e-07,1.333391420386247e-09,1.4458068685430038e-09,61,59,2023/11/Data_1118/JS633-W2_Wsc@v3.1_Wsc=0.3um-N_WFS04-085.hdf5,-3.448345263276194e-08,1.9667969343798002e-09,1.140528396467111e-06,1.9667969343798002e-09,-0.030234628738379093,0.0017252491844104811
-0.375,6.371199694859782e-07,-6.811552087273113e-07,-6.51145529349534e-05,-5.013520248830188e-05,6.372646101744921e-07,-6.812315638246791e-07,1.10449829463118e-09,1.1760819792508495e-09,61,57,2023/11/Data_1118/JS633-W2_Wsc@v3.1_Wsc=0.3um-N_WFS04-085.hdf5,-4.396695365018694e-08,1.6134079783990722e-09,1.3184961739991712e-06,1.6134079783990722e-09,-0.0333462883830974,0.0012243530134019333
-0.35,7.251646798344075e-07,-7.792650500161316e-07,-5.392037050919604e-05,-4.088757433310229e-05,7.241509052954517e-07,-7.788104221228372e-07,1.1410278112710659e-09,1.260155756158906e-09,57,57,2023/11/Data_1118/JS633-W2_Wsc@v3.1_Wsc=0.3um-N_WFS04-085.hdf5,-5.465951682738547e-08,1.6999814692738457e-09,1.5029613274182889e-06,1.6999814692738457e-09,-0.036367879751953984,0.0011318357191094446
-0.325,8.137627596583629e-07,-8.788908063173468e-07,-4.692804201296277e-05,-3.487211895377021e-05,8.123116295653824e-07,-8.786659142345316e-07,1.801286959951846e-09,1.9802838028238686e-09,45,45,2023/11/Data_1119/JS633-W2_Wsc@v3.1_Wsc=0.3um-N_WFS04-086.hdf5,-6.635428466914924e-08,2.6769681828178543e-09,1.6909775437999141e-06,2.6769681828178543e-09,-0.03924019269944879,0.0015843074841184275
-0.3,9.095501806916e-07,-9.84707037703189e-07,-4.132844872392337e-05,-3.534473387318838e-05,9.053848775858396e-07,-9.810756491639749e-07,2.195927683270359e-09,3.246405589519916e-09,42,45,2023/11/Data_1119/JS633-W2_Wsc@v3.1_Wsc=0.3um-N_WFS04-086.hdf5,-7.56907715781353e-08,3.919342756358428e-09,1.8864605267498146e-06,3.919342756358428e-09,-0.04012316743703248,0.0020792888297422323
-0.275,1.0053210467409646e-06,-1.0895833075144648e-06,-3.835593705844461e-05,-3.667388309586762e-05,9.98974525161133e-07,-1.0856846618349553e-06,3.092584182964651e-09,2.422252284809968e-09,41,45,2023/11/Data_1119/JS633-W2_Wsc@v3.1_Wsc=0.3um-N_WFS04-086.hdf5,-8.67101366738222e-08,3.92827991110489e-09,2.0846591869960884e-06,3.92827991110489e-09,-0.04159439452487583,0.0018860044909014485
-0.25,1.0997093736678743e-06,-1.1897059165444542e-06,-3.125753472432578e-05,-3.226957766536877e-05,1.0964479040991534e-06,-1.1883273006053328e-06,3.3555277964012072e-09,3.4873468861296632e-09,43,46,2023/11/Data_1119/JS633-W2_Wsc@v3.1_Wsc=0.3um-N_WFS04-086.hdf5,-9.18793965061794e-08,4.839540793982359e-09,2.284775204704486e-06,4.839540793982359e-09,-0.040213757711040604,0.002119881345889519
-0.225,1.1995769666261587e-06,-1.2929599852321655e-06,-2.2029869129488853e-05,-2.759690469937201e-05,1.1943293531364915e-06,-1.2883473906876467e-06,4.442139544488902e-09,4.362977561390645e-09,43,43,2023/11/Data_1119/JS633-W2_Wsc@v3.1_Wsc=0.3um-N_WFS04-087.hdf5,-9.40180375511552e-08,6.226409634284459e-09,2.4826767438241385e-06,6.226409634284459e-09,-0.0378696251072689,0.002509739829695074
-0.2,1.3042034745321e-06,-1.3981639208555736e-06,-2.0355125189897105e-05,-3.532225915011351e-05,1.2982338111501415e-06,-1.390209669797502e-06,4.664918740887658e-09,5.403541180633497e-09,43,43,2023/11/Data_1119/JS633-W2_Wsc@v3.1_Wsc=0.3um-N_WFS04-088.hdf5,-9.19758586473604e-08,7.138607998054448e-09,2.6884434809476432e-06,7.138607998054448e-09,-0.0342115649070443,0.0026568475222375812
-0.175,1.4181623699260596e-06,-1.4969439591109045e-06,-1.1486808449300345e-05,-3.472038003009978e-05,1.4070824134290206e-06,-1.4935803601119245e-06,6.217817968172189e-09,5.230118577719407e-09,39,45,2023/11/Data_1119/JS633-W2_Wsc@v3.1_Wsc=0.3um-N_WFS04-089.hdf5,-8.64979466829039e-08,8.12498619213169e-09,2.9006627735409453e-06,8.12498619213169e-09,-0.02982006301177599,0.002802324344385449
-0.15,1.5213823274134894e-06,-1.6013271360615496e-06,-1.25967360681967e-05,-3.698310533396787e-05,1.5157730760633476e-06,-1.593470976383901e-06,4.326778529606964e-09,4.903782327799383e-09,43,43,2023/11/Data_1119/JS633-W2_Wsc@v3.1_Wsc=0.3um-N_WFS04-090.hdf5,-7.769790032055339e-08,6.539731918259749e-09,3.1092440524472486e-06,6.539731918259749e-09,-0.024989321844773912,0.002103975567702105
-0.14,1.5745966373283834e-06,-1.6433332368739712e-06,-1.051008092813749e-05,-3.616412599415032e-05,1.5635162286057803e-06,-1.6332128365933911e-06,5.832643502234221e-09,6.960181862334731e-09,41,41,2023/11/Data_1119/JS633-W2_Wsc@v3.1_Wsc=0.3um-N_WFS04-091.hdf5,-6.969660798761079e-08,9.080961500905531e-09,3.1967290651991714e-06,9.080961500905531e-09,-0.021802475770109832,0.0028413792246510306
-0.13,1.616515985584842e-06,-1.680521355603934e-06,-1.2759043804559e-05,-4.052146031648608e-05,1.6100825527834738e-06,-1.6757353822689608e-06,5.157978967888567e-09,5.245357600112332e-09,43,39,2023/11/Data_1119/JS633-W2_Wsc@v3.1_Wsc=0.3um-N_WFS04-092.hdf5,-6.565282948548705e-08,7.356529303023064e-09,3.2858179350524346e-06,7.356529303023064e-09,-0.01998066563126218,0.002239319939353554
-0.12,1.6629804172431925e-06,-1.7253631985253503e-06,-1.0087462756605086e-05,-4.152917416670148e-05,1.6568815678813608e-06,-1.7164493748196587e-06,5.498508606615863e-09,4.989433680343626e-09,43,43,2023/11/Data_1119/JS633-W2_Wsc@v3.1_Wsc=0.3um-N_WFS04-093.hdf5,-5.956780693829792e-08,7.42482628399992e-09,3.3733309427010195e-06,7.42482628399992e-09,-0.017658453306274805,0.0022013801575321065
-0.11,1.7137708094049884e-06,-1.7619553457182402e-06,-8.734116414357181e-06,-4.213994132998098e-05,1.7057674852485046e-06,-1.7554502710346816e-06,5.382327967566177e-09,5.9301699526789505e-09,41,43,2023/11/Data_1119/JS633-W2_Wsc@v3.1_Wsc=0.3um-N_WFS04-094.hdf5,-4.968278578617707e-08,8.00851859073208e-09,3.4612177562831864e-06,8.00851859073208e-09,-0.014354134667195487,0.002314024760799075
-0.1,1.760524478703098e-06,-1.807240239254892e-06,-3.903529579858837e-06,-4.085869164910817e-05,1.752786119962478e-06,-1.7994819383267968e-06,5.44152227882813e-09,5.710046791807881e-09,39,41,2023/11/Data_1119/JS633-W2_Wsc@v3.1_Wsc=0.3um-N_WFS04-095.hdf5,-4.669581836431881e-08,7.88763583563658e-09,3.5522680582892747e-06,7.88763583563658e-09,-0.013145353221684204,0.0022206424655242607
-0.09,1.802526695808112e-06,-1.8489188958266955e-06,-9.527540382113388e-07,-4.167543565645848e-05,1.7982613253774023e-06,-1.8434869384469584e-06,4.974888668421667e-09,6.791888000292522e-09,41,39,2023/11/Data_1119/JS633-W2_Wsc@v3.1_Wsc=0.3um-N_WFS04-096.hdf5,-4.522561306955608e-08,8.418982116129471e-09,3.641748263824361e-06,8.418982116129471e-09,-0.012418654391575837,0.0023119750958572223
-0.08,1.856363734799504e-06,-1.8825511771380223e-06,-5.688837638951768e-06,-4.2629436332932216e-05,1.8448386313321504e-06,-1.8805345242019976e-06,5.920328681594969e-09,5.7357216072852425e-09,49,49,2023/11/Data_1119/JS633-W2_Wsc@v3.1_Wsc=0.3um-N_WFS04-097.hdf5,-3.569589286984721e-08,8.243105850005495e-09,3.725373155534148e-06,8.243105850005495e-09,-0.009581830162924737,0.0022127942364388886
-0.07,1.8939176195969745e-06,-1.929964939164034e-06,2.414533356653775e-06,-3.712530657757884e-05,1.8883665420926133e-06,-1.916887721668427e-06,4.947235687845904e-09,6.220527138200723e-09,49,47,2023/11/Data_1119/JS633-W2_Wsc@v3.1_Wsc=0.3um-N_WFS04-097.hdf5,-2.8521179575813932e-08,7.947961929211024e-09,3.8052542637610405e-06,7.947961929211024e-09,-0.007495209938382447,0.002088739575895266
-0.06,1.931481624066749e-06,-1.9539323531694472e-06,3.736851603401072e-06,-3.3915883054441625e-05,1.9270066977712065e-06,-1.947454940434686e-06,4.902437541663822e-09,4.832456799941143e-09,47,47,2023/11/Data_1119/JS633-W2_Wsc@v3.1_Wsc=0.3um-N_WFS04-097.hdf5,-2.044824266347935e-08,6.883787661833579e-09,3.874461638205892e-06,6.883787661833579e-09,-0.0052776990903304205,0.0017767329179790398
-0.05,1.9599407540981443e-06,-1.985559982217508e-06,6.231383225180253e-06,-3.1702826480917866e-05,1.955801356293885e-06,-1.971930624646485e-06,3.6069553814917104e-09,5.110319545704732e-09,47,49,2023/11/Data_1119/JS633-W2_Wsc@v3.1_Wsc=0.3um-N_WFS04-097.hdf5,-1.6129268352599928e-08,6.255037408623855e-09,3.92773198094037e-06,6.255037408623855e-09,-0.004106509413286975,0.0015925450563874842
-0.04,1.987212788807913e-06,-1.9989703836685767e-06,6.995491223505168e-06,-2.753495412780301e-05,1.985796302806473e-06,-1.9936057820315607e-06,3.319625862201275e-09,4.335904130702958e-09,49,49,2023/11/Data_1119/JS633-W2_Wsc@v3.1_Wsc=0.3um-N_WFS04-097.hdf5,-7.80947922508792e-09,5.4607673907283885e-09,3.979402084838034e-06,5.4607673907283885e-09,-0.0019624755324029472,0.001372260904993505
-0.03,2.00799402193072e-06,-2.0139797003081368e-06,8.69832303925343e-06,-2.70439277376772e-05,2.0028328206511093e-06,-2.009793824370456e-06,2.948579201744114e-09,3.527605042852564e-09,49,49,2023/11/Data_1119/JS633-W2_Wsc@v3.1_Wsc=0.3um-N_WFS04-097.hdf5,-6.9610037193467435e-09,4.597620759405542e-09,4.012626645021565e-06,4.597620759405542e-09,-0.0017347748333334744,0.0011457900483328157
-0.02,2.0214887831397847e-06,-2.023045258565012e-06,1.082816468219102e-05,-2.460951060766944e-05,2.0165070266967574e-06,-2.018633264480108e-06,2.936324588112402e-09,3.292667266557735e-09,47,51,2023/11/Data_1119/JS633-W2_Wsc@v3.1_Wsc=0.3um-N_WFS04-097.hdf5,-2.126237783350616e-09,4.411763798642699e-09,4.035140291176865e-06,4.411763798642699e-09,-0.0005269303245787497,0.0010933360658524555
-0.01,2.024586372539022e-06,-2.0187002634200903e-06,5.4861941784928384e-06,-3.0751761380402354e-05,2.016918741585332e-06,-2.016255470720308e-06,3.141630158681826e-09,3.887998144835261e-09,49,49,2023/11/Data_1119/JS633-W2_Wsc@v3.1_Wsc=0.3um-N_WFS04-097.hdf5,6.632708650241495e-10,4.9986367769804625e-09,4.03317421230564e-06,4.9986367769804625e-09,0.0001644538098553839,0.0012393803444749048
0.0,2.0260271826063323e-06,-2.0170674428023926e-06,-3.684927101823241e-06,-4.1071714721873136e-05,2.018618916421576e-06,-2.012666717165144e-06,4.573474973203872e-09,2.898745847487423e-09,49,49,2023/11/Data_1119/JS633-W2_Wsc@v3.1_Wsc=0.3um-N_WFS04-097.hdf5,5.9521992564319785e-09,5.414739219837622e-09,4.03128563358672e-06,5.414739219837622e-09,0.0014765014929334543,0.0013431807155862428
0.01,2.0261072211124616e-06,-2.0125221067576576e-06,3.28272072424586e-06,-3.38429677757632e-05,2.020353468995371e-06,-2.010468981087595e-06,4.391822616436304e-09,4.419698422317304e-09,51,51,2023/11/Data_1119/JS633-W2_Wsc@v3.1_Wsc=0.3um-N_WFS04-097.hdf5,9.884487907775643e-09,6.2307174577632304e-09,4.030822450082966e-06,6.2307174577632304e-09,0.00245222607301202,0.0015457729207458905
0.02,2.032443428924877e-06,-2.016986961814344e-06,1.389446460505778e-05,-2.206322081500379e-05,2.028444670395116e-06,-2.015419814862025e-06,3.9867531912382195e-09,4.020079669398993e-09,49,53,2023/11/Data_1119/JS633-W2_Wsc@v3.1_Wsc=0.3um-N_WFS04-097.hdf5,1.3024855533090961e-08,5.661734853926245e-09,4.043864485257141e-06,5.661734853926245e-09,0.003220893177943063,0.0014000875257671954
0.03,2.021487824294912e-06,-2.0064760231170203e-06,6.155060571593972e-06,-3.2133844873352545e-05,2.018141413986024e-06,-2.001662248638512e-06,3.632329593122606e-09,3.939178214750138e-09,49,51,2023/11/Data_1119/JS633-W2_Wsc@v3.1_Wsc=0.3um-N_WFS04-097.hdf5,1.6479165347511666e-08,5.358259351751865e-09,4.019803662624536e-06,5.358259351751865e-09,0.004099495082491763,0.0013329766392476791
0.04,2.009476808299328e-06,-1.9929810762805498e-06,-1.1420537668518483e-05,-5.086936473508376e-05,2.003321528214405e-06,-1.9854385943848364e-06,4.271288491824521e-09,4.298694101699991e-09,51,47,2023/11/Data_1119/JS633-W2_Wsc@v3.1_Wsc=0.3um-N_WFS04-097.hdf5,1.78829338295685e-08,6.059923791631615e-09,3.988760122599241e-06,6.059923791631615e-09,0.004483331481441717,0.0015192652624099361
0.05,1.9865259943464903e-06,-1.968987461379723e-06,-2.144113218373053e-05,-6.432361071462365e-05,1.984299303993979e-06,-1.961713828858697e-06,4.570580285720077e-09,5.813520665627377e-09,43,38,2023/11/Data_1120/JS633-W2_Wsc@v3.1_Wsc=0.3um-N_WFS04-098.hdf5,2.258547513528211e-08,7.395081248903869e-09,3.946013132852676e-06,7.395081248903869e-09,0.005723618846385968,0.0018740947203345845
0.06,1.9605566867397208e-06,-1.928644564810007e-06,-2.652345591233983e-05,-6.518344399220348e-05,1.9519587054716382e-06,-1.9224491322672884e-06,4.8306358514064115e-09,4.5817718969153105e-09,43,41,2023/11/Data_1120/JS633-W2_Wsc@v3.1_Wsc=0.3um-N_WFS04-099.hdf5,2.9509573204349865e-08,6.657903306916966e-09,3.874407837738926e-06,6.657903306916966e-09,0.007616537659486932,0.0017184810430195927
0.07,1.923397836314619e-06,-1.896123584973409e-06,-2.933959788776808e-05,-6.718122028346677e-05,1.919120246801965e-06,-1.8841360268192635e-06,4.516579623396772e-09,5.000811145826719e-09,41,39,2023/11/Data_1120/JS633-W2_Wsc@v3.1_Wsc=0.3um-N_WFS04-100.hdf5,3.498421998270128e-08,6.738516425052897e-09,3.803256273621228e-06,6.738516425052897e-09,0.009198491362611083,0.0017718504919739032
0.08,1.8909264436670328e-06,-1.855744657130494e-06,-2.9526068621091592e-05,-6.64660517257131e-05,1.8797557923801343e-06,-1.8416441048035844e-06,6.3839886151105665e-09,5.695169270795955e-09,39,43,2023/11/Data_1120/JS633-W2_Wsc@v3.1_Wsc=0.3um-N_WFS04-101.hdf5,3.811168757654996e-08,8.555130838326194e-09,3.7213998971837185e-06,8.555130838326194e-09,0.010241223364732216,0.002299021794314608
0.09,1.8533125232194208e-06,-1.8012186923252848e-06,-2.585352198071888e-05,-6.627445996121234e-05,1.843183308958396e-06,-1.7956160042066672e-06,5.543850643791191e-09,5.953034327989524e-09,43,43,2023/11/Data_1120/JS633-W2_Wsc@v3.1_Wsc=0.3um-N_WFS04-102.hdf5,4.756730475172878e-08,8.134672560766395e-09,3.638799313165063e-06,8.134672560766395e-09,0.013072252866386927,0.002235728566701032
0.1,1.802523908083748e-06,-1.7577161989481632e-06,-3.2309713826576026e-05,-6.748320485907768e-05,1.797357443704983e-06,-1.7483752011236956e-06,4.450568979279411e-09,5.819735980798204e-09,41,43,2023/11/Data_1120/JS633-W2_Wsc@v3.1_Wsc=0.3um-N_WFS04-103.hdf5,4.898224258128741e-08,7.326451468857309e-09,3.5457326448286786e-06,7.326451468857309e-09,0.013814420738327865,0.0020664701072918615
0.11,1.7691181837429503e-06,-1.6986212679471458e-06,-2.366925803401239e-05,-6.126598710918548e-05,1.7584615785724595e-06,-1.6967655238906545e-06,5.837140115874992e-09,6.0509560874208295e-09,37,45,2023/11/Data_1120/JS633-W2_Wsc@v3.1_Wsc=0.3um-N_WFS04-104.hdf5,6.169605468180505e-08,8.40751296783135e-09,3.4552271024631142e-06,8.40751296783135e-09,0.017855860946976256,0.0024336614939559895
0.12,1.7211077979098863e-06,-1.6552030379712126e-06,-2.396874371021507e-05,-6.15358478431566e-05,1.7164822979083838e-06,-1.6525115535844395e-06,5.341925255633931e-09,5.2780028582987344e-09,39,47,2023/11/Data_1120/JS633-W2_Wsc@v3.1_Wsc=0.3um-N_WFS04-104.hdf5,6.397074432394427e-08,7.509559215359398e-09,3.3689938514928233e-06,7.509559215359398e-09,0.018988085803599317,0.0022294231454481877
0.13,1.684353295313134e-06,-1.6162362236931388e-06,-2.68355464979974e-05,-5.700228041510388e-05,1.674031487186325e-06,-1.6069371316364867e-06,5.763978771029659e-09,6.61590218464337e-09,39,41,2023/11/Data_1120/JS633-W2_Wsc@v3.1_Wsc=0.3um-N_WFS04-104.hdf5,6.709435554983823e-08,8.7746004461542e-09,3.280968618822812e-06,8.7746004461542e-09,0.020449557232861067,0.002674952422435681
0.14,1.6432803863945685e-06,-1.5622876913388375e-06,-2.6768690773855016e-05,-5.734305557055492e-05,1.6359959306054523e-06,-1.5592764885472636e-06,5.235974136265175e-09,5.304120361303883e-09,39,43,2023/11/Data_1120/JS633-W2_Wsc@v3.1_Wsc=0.3um-N_WFS04-104.hdf5,7.671944205818868e-08,7.453128065640378e-09,3.195272419152716e-06,7.453128065640378e-09,0.02401029771306079,0.002333220809185901
0.15,1.6011141196132646e-06,-1.5170360025183151e-06,-2.639460524316056e-05,-4.897333268980226e-05,1.5969694080951336e-06,-1.5118340994795056e-06,4.876076823091281e-09,5.396788678181053e-09,39,45,2023/11/Data_1120/JS633-W2_Wsc@v3.1_Wsc=0.3um-N_WFS04-104.hdf5,8.5135308615628e-08,7.27333851966421e-09,3.108803507574639e-06,7.27333851966421e-09,0.027385233067382594,0.002340471282440377
0.175,1.4969282051955049e-06,-1.4106630087028029e-06,-2.2989379882323965e-05,-4.3346023465790646e-05,1.4921542724708908e-06,-1.4002857867458852e-06,4.263800441599182e-09,5.602177438910264e-09,41,41,2023/11/Data_1120/JS633-W2_Wsc@v3.1_Wsc=0.3um-N_WFS04-105.hdf5,9.186848572500562e-08,7.040197885202983e-09,2.8924400592167763e-06,7.040197885202983e-09,0.03176158670333243,0.0024352269765372165
0.2,1.3973879956262044e-06,-1.304530427950534e-06,-2.2403433136554345e-05,-3.377385686606207e-05,1.3933247846153698e-06,-1.2977709386896277e-06,4.829284132720329e-09,4.499378535688048e-09,41,45,2023/11/Data_1120/JS633-W2_Wsc@v3.1_Wsc=0.3um-N_WFS04-106.hdf5,9.555384592574216e-08,6.6004842581400545e-09,2.6910957233049973e-06,6.6004842581400545e-09,0.03550741250050751,0.0024542582255583562
0.225,1.294643732802058e-06,-1.198627318498864e-06,-2.7962325873947893e-05,-3.359474869548166e-05,1.288057167919052e-06,-1.1928291804344642e-06,4.089690485386392e-09,5.077281631976735e-09,43,43,2023/11/Data_1121/JS633-W2_Wsc@v3.1_Wsc=0.3um-N_WFS04-107.hdf5,9.522798748458791e-08,6.519536566096421e-09,2.4808863483535163e-06,6.519536566096421e-09,0.038384663427967036,0.002629841422513832
0.25,1.1956184863997142e-06,-1.1011240838288655e-06,-1.5612078069042366e-05,-1.2089942251710849e-05,1.1874425544503497e-06,-1.0937137750046357e-06,4.1496827589284235e-09,4.168422742692528e-09,41,41,2023/11/Data_1121/JS633-W2_Wsc@v3.1_Wsc=0.3um-N_WFS04-107.hdf5,9.372877944571398e-08,5.881803733681031e-09,2.281156329454985e-06,5.881803733681031e-09,0.041088275378350636,0.00258060639283077
0.275,1.0846408135351271e-06,-1.0036391020018349e-06,-2.165623340988942e-05,-1.833979732701937e-05,1.0848875481802303e-06,-9.9914916103817e-07,3.1544891082013263e-09,3.750599502400111e-09,45,43,2023/11/Data_1121/JS633-W2_Wsc@v3.1_Wsc=0.3um-N_WFS04-107.hdf5,8.573838714206023e-08,4.90079566613063e-09,2.0840367092184006e-06,4.90079566613063e-09,0.04114053594296602,0.002353577216951557
0.3,9.833434584481898e-07,-9.061655682897872e-07,-1.4296120672264183e-05,-5.981653207112217e-06,9.799942075602005e-07,-9.044765411757649e-07,2.810315934636649e-09,2.3596331639440874e-09,43,40,2023/11/Data_1121/JS633-W2_Wsc@v3.1_Wsc=0.3um-N_WFS04-107.hdf5,7.551766638443563e-08,3.6695700457761323e-09,1.8844707487359654e-06,3.6695700457761323e-09,0.040073673966597854,0.0019488311751814725
0.325,8.793816157294403e-07,-8.147316538047269e-07,-1.849542886774652e-05,-7.696944685821242e-06,8.784071010992227e-07,-8.135154712986618e-07,1.712698465067913e-09,2.1046934903195892e-09,45,40,2023/11/Data_1121/JS633-W2_Wsc@v3.1_Wsc=0.3um-N_WFS04-107.hdf5,6.489162980056083e-08,2.7134978755178047e-09,1.6919225723978844e-06,2.7134978755178047e-09,0.038353782176091485,0.0016049747081753481
0.35,7.801708057326584e-07,-7.250481083224078e-07,-1.2067898856117684e-05,1.8595657292447922e-07,7.78962668401518e-07,-7.239809706156341e-07,1.269177038382366e-09,1.5739667693953835e-09,45,41,2023/11/Data_1121/JS633-W2_Wsc@v3.1_Wsc=0.3um-N_WFS04-108.hdf5,5.498169778588394e-08,2.02192525725309e-09,1.502943639017152e-06,2.02192525725309e-09,0.03658267439878128,0.0013462100079008534
0.375,6.811320111243011e-07,-6.38157602845411e-07,-2.693197656275676e-06,9.344159136495987e-06,6.806230853463068e-07,-6.375172864310973e-07,8.69595741117871e-10,7.661371059955543e-10,47,43,2023/11/Data_1121/JS633-W2_Wsc@v3.1_Wsc=0.3um-N_WFS04-109.hdf5,4.310579891520949e-08,1.1589490144754352e-09,1.318140371777404e-06,1.1589490144754352e-09,0.03270197912008784,0.0008797003528708476
0.4,5.861732733060154e-07,-5.531664381778642e-07,2.491227047673208e-06,1.864542234763077e-05,5.864471066235461e-07,-5.523707462917931e-07,8.12812775909252e-10,6.440899127558266e-10,46,43,2023/11/Data_1121/JS633-W2_Wsc@v3.1_Wsc=0.3um-N_WFS04-110.hdf5,3.4076360331752976e-08,1.0370710797216902e-09,1.1388178529153391e-06,1.0370710797216902e-09,0.029922572994898637,0.0009110633885513287
0.425,4.938165294547898e-07,-4.680041169369418e-07,1.3710911938864015e-05,3.023704730986713e-05,4.939636102927763e-07,-4.677120445871042e-07,5.441212256974521e-10,4.954832094932164e-10,45,43,2023/11/Data_1121/JS633-W2_Wsc@v3.1_Wsc=0.3um-N_WFS04-111.hdf5,2.6251565705672068e-08,7.359154293423913e-10,9.616756548798805e-07,7.359154293423913e-10,0.027297733463941185,0.00076552792432432
0.45,4.042861739884324e-07,-3.834856182114273e-07,2.333687759065514e-05,3.799528000438109e-05,4.03750813454269e-07,-3.835523772172572e-07,3.768042101052077e-10,3.9315666826284815e-10,45,43,2023/11/Data_1121/JS633-W2_Wsc@v3.1_Wsc=0.3um-N_WFS04-112.hdf5,2.019843623701181e-08,5.445673315142515e-10,7.873031906715262e-07,5.445673315142515e-10,0.025655219585460663,0.0006919145291859847
0.475,3.193044568593561e-07,-3.043468838023484e-07,3.94087314885649e-05,5.371651519146169e-05,3.195248846857824e-07,-3.0467399150571495e-07,4.863005372593385e-10,4.2785257016897315e-10,45,43,2023/11/Data_1121/JS633-W2_Wsc@v3.1_Wsc=0.3um-N_WFS04-113.hdf5,1.4850893180067466e-08,6.477237330366375e-10,6.241988761914974e-07,6.477237330366375e-10,0.02379192553289919,0.0010379817325472747
0.5,2.426326780547575e-07,-2.3247868507074657e-07,6.604725890484655e-05,7.699844507521491e-05,2.42439699034632e-07,-2.323069212922469e-07,4.18904286578561e-10,4.4293055603405004e-10,43,41,2023/11/Data_1121/JS633-W2_Wsc@v3.1_Wsc=0.3um-N_WFS04-114.hdf5,1.0132777742385111e-08,6.096460274475065e-10,4.747466203268789e-07,6.096460274475065e-10,0.02134354897652216,0.0012844427885584512
0.525,1.7880877422383152e-07,-1.7250562932455997e-07,9.8644921272559e-05,0.0001061156353164,1.7872136800825686e-07,-1.7227781868468098e-07,7.960169108730989e-10,6.56223707681624e-10,33,33,2023/11/Data_1121/JS633-W2_Wsc@v3.1_Wsc=0.3um-N_WFS04-115.hdf5,6.443549323575883e-09,1.031635825725032e-09,3.5099918669293787e-07,1.031635825725032e-09,0.01835773291752054,0.0029396354296983163
0.55,1.2935849555710417e-07,-1.2429506392525197e-07,0.0001499335916132,0.0001555053485073,1.2753241004402397e-07,-1.2356659580793708e-07,1.0676316235959487e-09,9.247393563175548e-10,35,31,2023/11/Data_1121/JS633-W2_Wsc@v3.1_Wsc=0.3um-N_WFS04-117.hdf5,3.965814236086887e-09,1.4124376661731756e-09,2.5109900585196105e-07,1.4124376661731756e-09,0.015793826911544954,0.005625724455302013
0.55,1.2603555738963392e-07,-1.224736190620143e-07,0.0001652339512209,0.0001731686431383,1.2610190996185672e-07,-1.219851833301463e-07,4.5742051625153903e-10,3.9023687401208137e-10,39,36,2023/11/Data_1121/JS633-W2_Wsc@v3.1_Wsc=0.3um-N_WFS04-117.hdf5,4.116726631710417e-09,6.012639574484284e-10,2.4808709329200305e-07,6.012639574484284e-10,0.01659387667888452,0.0024239339693718394
0.55,1.2391084821853768e-07,-1.1959941124502497e-07,0.0001551559180033,0.0001630202824121,1.237331690834129e-07,-1.197637868614104e-07,3.1216939179968273e-10,3.7022417149664327e-10,39,39,2023/11/Data_1121/JS633-W2_Wsc@v3.1_Wsc=0.3um-N_WFS04-117.hdf5,3.9693822220025014e-09,4.842681760522364e-10,2.434969559448233e-07,4.842681760522364e-10,0.0163015681514391,0.0019890701092482475
0.55,1.327268617972507e-07,-1.2866152770392948e-07,0.0001532520104131,0.0001518830811709,1.3102429400144922e-07,-1.2713396341544036e-07,9.764664134065535e-10,1.0316789624193346e-09,33,33,2023/11/Data_1121/JS633-W2_Wsc@v3.1_Wsc=0.3um-N_WFS04-116.hdf5,3.890330586008862e-09,1.4205098162313743e-09,2.581582574168896e-07,1.4205098162313743e-09,0.015069557042006678,0.005503101524537904
0.575,8.98472255439326e-08,-8.67119385883624e-08,0.000231028691973,0.0002455983638687,8.902494700526015e-08,-8.614494461277839e-08,4.3769431660755206e-10,3.3485820046062903e-10,31,31,2023/11/Data_1121/JS633-W2_Wsc@v3.1_Wsc=0.3um-N_WFS04-118.hdf5,2.8800023924817595e-09,5.510955717534689e-10,1.7516989161803854e-07,5.510955717534689e-10,0.016441195264090602,0.0031464885075344023
0.575,9.185702426905169e-08,-8.861977103648574e-08,0.0002148743903995,0.000232563343232,9.097911673646113e-08,-8.776867511564887e-08,6.75764180955319e-10,6.901378214906131e-10,35,23,2023/11/Data_1121/JS633-W2_Wsc@v3.1_Wsc=0.3um-N_WFS04-118.hdf5,3.2104416208122567e-09,9.658920441302032e-10,1.7874779185211e-07,9.658920441302032e-10,0.017960734437874732,0.005404530115537071
0.6,6.913031109689787e-08,-6.667703154921787e-08,0.0002759372267463,0.0002495299200714,6.761655946784457e-08,-6.541089054693653e-08,9.975816613893112e-10,7.509540792235303e-10,41,29,2023/11/Data_1122/JS633-W2_Wsc@v3.1_Wsc=0.3um-N_WFS04-119.hdf5,2.2056689209080376e-09,1.2486397399741523e-09,1.330274500147811e-07,1.2486397399741523e-09,0.01658055477018434,0.009387621598480464
0.65,4.3465207732663166e-08,-4.209510687717848e-08,8.542315449433482e-05,7.879363429798668e-05,4.247631230816991e-08,-4.152996508748428e-08,6.456083655723862e-10,5.48617107923938e-10,40,40,2023/11/Data_1122/JS633-W2_Wsc@v3.1_Wsc=0.3um-N_WFS04-124.hdf5,9.463472206856287e-10,8.472254084975696e-10,8.400627739565419e-08,8.472254084975696e-10,0.011265196483216444,0.010085903000133341
0.65,4.3787814567775695e-08,-4.2991618756272106e-08,0.0001379673738869,7.342478530975164e-05,4.2759267374168825e-08,-4.146075426060974e-08,9.633189740994303e-10,8.196641288128201e-10,40,40,2023/11/Data_1122/JS633-W2_Wsc@v3.1_Wsc=0.3um-N_WFS04-124.hdf5,1.2985131135590843e-09,1.2648449430354923e-09,8.422002163477857e-08,1.2648449430354923e-09,0.015418104725621024,0.015020125235342187
0.675,4.191532470389397e-08,-4.128399109369453e-08,-0.0001057960295351,-0.0001300877430111,4.0916256814122246e-08,-4.037643207502922e-08,6.085000618344685e-10,5.121373787944383e-10,67,68,2023/11/Data_1123/JS633-W2_Wsc@v3.1_Wsc=0.3um-N_WFS04-126.hdf5,5.398247390930245e-10,7.953345333952186e-10,8.129268888915147e-08,7.953345333952186e-10,0.006640507854637642,0.009783808110459286
0.675,4.3135857021474834e-08,-4.226733542422188e-08,-0.0001186827592492,-0.0001000825247003,4.136053017812503e-08,-4.0676699136630055e-08,7.589597958925752e-10,9.738939160651694e-10,51,49,2023/11/Data_1123/JS633-W2_Wsc@v3.1_Wsc=0.3um-N_WFS04-126.hdf5,6.838310414949765e-10,1.2347021225907287e-09,8.203722931475508e-08,1.2347021225907287e-09,0.00833561844063868,0.01505103265036954
